date,open,close,low,high,avgGas
2022-07-04,27.36,13.83,8.0,69.35,90313.44841700002
2022-07-03,20.19,14.88,5.1,65.78,98196.35056300004
2022-07-02,7.69,41.12,6.0,83.45,91501.28345099997
2022-07-01,32.75,21.54,10.36,145.7,94811.137054
2022-06-30,85.0,59.51,22.04,355.0,89419.18338200002
2022-06-29,117.02,42.32,16.57,300.0,87838.25477599999
2022-06-28,34.79,51.87,17.69,153.96,92735.70635000002
2022-06-27,54.4,39.78,12.0,185.18,86904.48627500002
2022-06-26,30.16,22.29,15.02,189.72,94333.45458800001
2022-06-25,23.71,23.02,13.55,126.78,93749.452899
2022-06-24,26.21,43.92,15.0,250.0,88030.90256599998
2022-06-23,52.38,25.44,13.06,317.0,101388.792587
2022-06-22,36.33,30.59,12.83,86.94,87984.17019600002
2022-06-21,48.77,14.98,10.0,119.92,99357.53169200002
2022-06-20,14.24,16.52,10.0,75.57,100967.980049
2022-06-19,13.59,15.86,10.72,72.65,90509.17260300001
2022-06-18,23.11,25.13,13.78,284.39,88874.160139
2022-06-17,35.18,40.0,16.77,162.82,95667.92231900005
2022-06-16,31.5,43.39,16.5,107.93,92633.06113699998
2022-06-15,41.56,23.84,18.96,193.41,83434.13831400001
2022-06-14,30.23,23.72,22.08,317.3,84533.71568200001
2022-06-13,44.97,28.71,25.44,292.75,83167.24727299999
2022-06-12,32.33,47.15,14.49,114.36,93725.57297099999
2022-06-11,76.94,35.26,15.0,153.23,106615.81297400001
2022-06-10,40.69,77.1,28.82,145.68,84567.357752
2022-06-09,68.68,79.97,21.95,249.57,99639.89221700006
2022-06-08,58.08,78.05,31.05,199.77,91399.02062599998
2022-06-07,96.61,76.17,18.28,667.0,96878.54530399998
2022-06-06,89.65,371.05,20.0,390.29,87215.780028
2022-06-05,46.31,50.17,17.23,148.69,95038.08171600002
2022-06-04,52.24,42.3,19.41,454.05,92464.43018799998
2022-06-03,32.37,92.56,28.33,331.34,91399.050086
2022-06-02,63.42,61.21,24.55,184.77,91633.13416099997
2022-06-01,76.54,41.9,22.8,168.47,88166.33741900003
2022-05-31,44.56,30.17,14.0,600.0,86572.90647499995
2022-05-30,27.05,39.27,12.0,84.38,132869.52107400002
2022-05-29,32.26,14.88,8.3,85.0,169619.336519
2022-05-28,15.82,40.1,9.0,55.5,104843.09898999998
2022-05-27,47.0,44.7,14.0,100.96,92607.40546299997
2022-05-26,40.38,41.6,16.58,93.84,88533.46903200004
2022-05-25,42.61,15.0,10.08,158.72,95424.41233700003
2022-05-24,24.44,27.14,10.69,105.1,88995.80786300002
2022-05-23,28.71,23.3,10.0,68.7,99954.11764399998
2022-05-22,26.14,28.13,9.0,72.74,94552.47029600004
2022-05-21,38.25,58.4,10.0,81.2,92787.73705400003
2022-05-20,33.61,23.57,11.44,75.38,89588.24855700001
2022-05-19,15.79,39.58,12.35,56.52,92552.44988099996
2022-05-18,25.22,18.27,10.0,96.93,86011.21792899999
2022-05-17,20.87,14.84,14.12,337.93,88605.94314300001
2022-05-16,37.85,22.35,10.86,62.18,90182.560572
2022-05-15,18.35,25.42,11.12,59.44,93415.12602699999
2022-05-14,22.89,30.35,17.12,67.97,88145.39156999999
2022-05-13,43.58,115.65,30.0,162.38,77362.229237
2022-05-12,61.99,128.32,55.0,921.64,76696.812318
2022-05-11,149.39,32.5,21.0,753.85,83583.869107
2022-05-10,32.38,205.84,21.06,239.6,82769.31390200001
2022-05-09,128.45,23.32,13.29,265.14,85640.737849
2022-05-08,21.05,20.41,11.76,60.67,93836.533956
2022-05-07,17.08,31.23,16.79,85.55,98422.68328200001
2022-05-06,24.33,31.36,21.58,132.91,120805.895807
2022-05-05,38.65,39.08,22.62,182.85,87954.16621599998
2022-05-04,41.14,57.1,26.95,105.94,93074.48261100003
2022-05-03,48.51,55.36,30.36,257.1,93502.45050099996
2022-05-02,88.34,59.69,26.58,149.41,89929.44824000003
2022-05-01,40.68,144.28,32.24,7883.6,93659.30020600003
2022-04-30,115.61,32.48,20.84,145.05,84919.05851000002
2022-04-29,36.2,41.92,24.61,127.56,90486.904136
2022-04-28,33.66,41.19,24.91,135.85,85951.31606500002
2022-04-27,50.48,52.93,22.35,734.93,90216.948903
2022-04-26,51.63,48.74,20.0,114.56,92222.48085700002
2022-04-25,62.4,23.76,20.0,154.41,88895.28279999999
2022-04-24,45.18,22.92,15.07,82.38,96728.54111600004
2022-04-23,25.67,27.09,16.21,84.2,99471.595006
2022-04-22,38.47,45.0,26.68,2001.0,87784.24934799998
2022-04-21,47.12,81.43,28.4,222.38,90464.92850800004
2022-04-20,94.3,49.3,28.48,542.36,89417.917929
2022-04-19,42.3,22.14,18.0,100.32,91105.21378000002
2022-04-18,31.62,41.6,14.0,114.55,93587.60262899999
2022-04-17,34.9,20.0,12.72,72.57,102344.26122499998
2022-04-16,15.34,32.32,11.79,49.49,99147.16755100002
2022-04-15,34.45,46.8,20.0,124.69,100060.02115200002
2022-04-14,39.65,43.6,20.86,128.98,97421.911832
2022-04-13,36.61,65.23,21.46,91.29,98828.95197499997
2022-04-12,63.95,41.67,23.22,96.32,92030.21407199999
2022-04-11,40.58,43.47,15.0,132.13,95480.01545600001
2022-04-10,24.46,43.78,15.0,92.59,92302.05874600002
2022-04-09,34.45,36.15,19.0,82.94,93417.91431399998
2022-04-08,36.11,83.3,27.0,137.19,96512.14931600001
2022-04-07,115.36,34.89,29.28,2600.0,94951.82570399996
2022-04-06,49.85,54.17,29.73,104.86,89585.81006499998
2022-04-05,143.18,48.75,35.0,3396.05,93308.36126199999
2022-04-04,54.63,76.17,27.94,131.29,90643.307372
2022-04-03,53.82,40.7,25.17,951.98,97971.96235799998
2022-04-02,38.84,70.47,28.72,97.71,95599.74938399998
2022-04-01,50.6,44.33,26.24,212.93,88828.61974299999
2022-03-31,70.23,48.8,22.85,119.04,88741.16149400001
2022-03-30,38.16,36.92,21.15,200.95,88062.55074099997
2022-03-29,43.3,43.43,18.5,162.33,85787.48083299998
2022-03-28,55.01,42.38,18.81,2002.0,86019.96008799998
2022-03-27,32.43,52.97,13.0,296.83,95469.29583400003
2022-03-26,102.21,39.79,16.38,658.69,108735.13735900003
2022-03-25,37.9,32.19,18.84,198.22,91193.97401900004
2022-03-24,42.44,55.46,16.52,122.5,105808.22610500004
2022-03-23,75.99,34.54,12.29,706.0,94992.370915
2022-03-22,38.65,38.41,14.6,112.74,91776.87418000001
2022-03-21,52.89,22.94,13.08,120.0,89850.877301
2022-03-20,35.01,19.51,10.0,67.88,107968.217543
2022-03-19,25.83,49.18,11.83,67.34,99273.610779
2022-03-18,47.42,65.21,23.42,3556.0,85622.60411199999
2022-03-17,82.05,33.67,15.0,355.83,87988.40411900003
2022-03-16,74.35,33.64,15.78,200.0,86871.25481800002
2022-03-15,46.0,32.05,10.0,145.33,86782.74284600001
2022-03-14,26.96,27.9,10.0,82.4,92849.44238299997
2022-03-13,32.29,31.88,10.0,5000.0,104553.26604000002
2022-03-12,23.65,65.88,10.0,96.47,99538.051233
2022-03-11,17.64,43.27,13.63,71.99,94753.34872500002
2022-03-10,31.89,34.87,15.0,100.0,87817.01163200001
2022-03-09,22.78,35.0,16.1,139.83,90354.41419499999
2022-03-08,41.83,42.0,16.1,93.79,94420.70118700001
2022-03-07,39.86,68.69,16.1,97.28,95021.846265
2022-03-06,40.11,27.26,15.52,579.95,98894.51733199999
2022-03-05,43.67,62.53,16.0,86.08,97542.27046099998
2022-03-04,59.03,26.16,20.0,158.02,94894.86390000001
2022-03-03,39.16,49.08,21.52,96.26,99354.03023899994
2022-03-02,37.13,31.04,22.0,133.6,90547.66105600003
2022-03-01,47.86,74.15,24.3,128.99,90762.91295900001
2022-02-28,110.65,53.45,23.27,526.71,97249.25581000002
2022-02-27,64.68,36.91,19.0,1112.0,94146.76158100003
2022-02-26,42.13,58.73,19.63,392.01,91434.255397
2022-02-25,66.66,64.93,24.74,594.29,96067.00342300002
2022-02-24,67.44,61.96,32.98,325.76,90816.55037499998
2022-02-23,84.22,62.7,27.65,297.5,93658.56387400001
2022-02-22,77.0,91.25,29.39,221.91,95793.65964000001
2022-02-21,95.65,106.91,30.54,211.92,105202.81179299999
2022-02-20,75.73,150.78,27.95,236.44,79997.50729399998
2022-02-19,58.41,88.06,31.26,170.28,88952.89931800001
2022-02-18,83.48,100.46,33.77,249.46,84660.85061899999
2022-02-17,56.22,76.42,26.0,559.7,92326.09537800003
2022-02-16,63.53,106.23,35.0,1210.0,88688.68422899996
2022-02-15,162.15,40.54,26.0,1333.0,92507.88393099999
2022-02-14,67.42,61.5,25.27,199.74,94386.383085
2022-02-13,39.38,49.37,25.0,108.65,105188.071558
2022-02-12,58.24,69.95,26.0,290.9,98218.02855299998
2022-02-11,59.69,89.31,32.02,157.86,97845.100556
2022-02-10,104.22,70.72,34.3,2000.0,86030.17135500003
2022-02-09,86.15,62.62,36.78,348.69,89220.88323300002
2022-02-08,114.0,90.74,40.03,502.0,88388.567371
2022-02-07,107.28,79.07,43.8,313.38,88232.29731999997
2022-02-06,114.36,63.55,33.8,153.59,95239.73991899999
2022-02-05,65.59,88.84,35.0,151.72,82020.392154
2022-02-04,95.69,118.4,43.92,402.53,92964.60027699999
2022-02-03,119.91,89.76,48.22,457.28,95269.347119
2022-02-02,134.26,273.34,52.75,569.73,87455.65565000003
2022-02-01,185.8,159.03,57.3,708.32,87019.342761
2022-01-31,154.15,110.45,48.38,249.58,140192.79476599992
2022-01-30,95.79,68.88,52.41,557.15,91321.06248900006
2022-01-29,91.77,127.2,58.81,387.0,95956.30204100003
2022-01-28,156.74,152.6,62.68,306.06,90934.35133799998
2022-01-27,185.35,124.4,59.84,451.77,90827.71323200002
2022-01-26,136.38,94.65,61.51,353.53,90081.02601299994
2022-01-25,153.46,206.61,55.0,372.6,88865.20517499998
2022-01-24,1464.81,124.42,59.64,1555.0,89251.829778
2022-01-23,744.66,110.14,58.13,744.66,103107.14854900002
2022-01-22,90.0,213.69,81.99,353.25,91478.54247899998
2022-01-21,301.98,193.21,71.69,529.4,87233.51149299998
2022-01-20,228.47,101.69,56.78,899.13,88946.794541
2022-01-19,110.91,106.15,58.51,449.59,84556.09487099998
2022-01-18,120.67,87.95,61.29,315.67,88366.07029999998
2022-01-17,122.54,146.95,66.59,620.99,86739.50428
2022-01-16,173.18,132.28,71.32,308.23,88428.15306100003
2022-01-15,139.6,131.06,76.05,2445.0,88574.79320900002
2022-01-14,145.1,356.75,90.0,628.12,87551.31339899998
2022-01-13,470.74,135.31,83.2,649.71,83846.94578400003
2022-01-12,140.72,189.21,92.66,1111.11,82759.93372499998
2022-01-11,170.44,127.8,94.27,629.44,83346.10941500001
2022-01-10,189.25,132.5,75.63,425.77,85252.93909399996
2022-01-09,186.0,91.4,55.7,1500.0,93539.71928199999
2022-01-08,107.74,85.12,50.0,374.81,91298.13376299999
2022-01-07,124.37,223.42,68.31,324.43,88857.06324899996
2022-01-06,206.13,156.86,72.23,531.76,86917.78254299998
2022-01-05,170.7,116.52,65.03,419.92,82732.34999
2022-01-04,121.27,145.42,57.69,484.33,88119.39417599999
2022-01-03,136.99,150.7,51.0,221.39,88690.78934700003
2022-01-02,77.31,74.91,47.88,501.72,91695.035369
2022-01-01,92.13,67.05,40.0,318.12,88917.16171599999
2021-12-31,86.2,130.5,54.36,204.16,84196.66697600001
2021-12-30,138.0,115.92,66.82,201.25,84100.49042399999
2021-12-29,185.41,154.15,58.12,231.3,85001.10511699998
2021-12-28,108.71,85.34,39.72,330.73,84723.04148500001
2021-12-27,97.86,72.81,35.77,355.13,82628.40321599998
2021-12-26,52.2,56.97,31.87,128.35,86729.57429699998
2021-12-25,48.93,70.84,38.55,139.0,78665.18055799998
2021-12-24,59.37,100.38,32.72,238.77,81447.08760099999
2021-12-23,83.75,60.83,42.79,180.71,83293.88851799999
2021-12-22,80.0,73.21,25.0,145.33,123629.68050800002
2021-12-21,91.15,68.66,31.0,148.22,89714.20984899998
2021-12-20,75.65,45.0,28.53,777.0,93546.29743799998
2021-12-19,91.27,55.17,26.0,969.0,98493.67421200004
2021-12-18,61.87,122.44,32.77,153.45,90305.63726900001
2021-12-17,68.02,68.69,36.22,931.43,84223.31379100001
2021-12-16,83.61,82.66,36.42,293.68,99841.00919900001
2021-12-15,53.5,114.75,35.55,214.03,87312.88909300003
2021-12-14,128.36,100.05,36.9,137.09,95459.175428
2021-12-13,83.63,67.77,30.28,801.0,85501.828851
2021-12-12,64.96,56.26,30.66,469.43,89354.07477499999
2021-12-11,79.61,91.91,34.0,336.3,89201.43105200004
2021-12-10,120.61,72.54,40.0,1384.0,92655.362374
2021-12-09,64.41,81.1,45.37,144.62,83438.920005
2021-12-08,84.86,80.99,46.59,151.68,85196.40423900001
2021-12-07,105.39,85.1,53.51,348.42,98265.21781399999
2021-12-06,84.7,96.51,58.93,361.64,83555.83737200001
2021-12-05,92.68,98.14,54.08,706.0,76703.31228900001
2021-12-04,104.1,109.77,62.22,792.76,80605.38068500001
2021-12-03,101.25,69.03,60.0,273.0,85011.49848800004
2021-12-02,72.94,110.86,61.86,903.79,80874.18422599997
2021-12-01,107.65,147.82,79.0,316.62,81636.591978
2021-11-30,163.03,130.96,68.12,1667.48,83254.699321
2021-11-29,133.68,105.23,57.97,400.66,81686.59139399999
2021-11-28,152.5,100.81,52.0,276.7,88579.62344099999
2021-11-27,117.37,84.47,55.32,401.48,85477.18796
2021-11-26,90.22,84.7,64.36,255.22,77654.06755300002
2021-11-25,112.62,142.84,67.81,246.06,78379.57610700002
2021-11-24,117.66,86.49,71.64,212.71,79718.43315499999
2021-11-23,118.0,158.84,67.51,331.34,81710.43272599998
2021-11-22,162.48,117.03,72.38,416.44,93890.13743799996
2021-11-21,133.96,83.2,57.74,246.4,81680.15556600004
2021-11-20,96.84,104.96,61.01,170.5,85741.68713600001
2021-11-19,120.59,124.51,68.4,219.99,83095.737769
2021-11-18,90.34,106.46,69.54,295.78,81290.01601400005
2021-11-17,121.0,128.89,71.16,323.79,79918.04376300004
2021-11-16,133.05,114.53,71.65,776.4,78871.64916499995
2021-11-15,134.78,104.38,68.79,522.19,79240.66974000003
2021-11-14,140.17,110.23,62.74,245.56,80537.656997
2021-11-13,111.26,118.87,72.64,444.18,79607.862745
2021-11-12,130.12,133.34,84.07,208.28,90224.561037
2021-11-11,146.78,122.33,78.22,258.83,76641.46479
2021-11-10,431.54,183.34,79.11,431.54,73222.644435
2021-11-09,118.43,197.13,93.36,347.55,75242.18040900001
2021-11-08,310.32,144.59,61.53,338.88,75874.66530200004
2021-11-07,115.78,95.68,57.05,163.65,80776.37875599999
2021-11-06,102.55,88.16,57.62,396.27,87796.77323600002
2021-11-05,104.73,107.21,72.88,236.52,78113.65220399998
2021-11-04,138.13,156.08,85.21,247.86,74441.45547600002
2021-11-03,220.01,168.44,86.38,269.15,70205.23423900004
2021-11-02,148.76,206.46,100.61,417.87,70372.90415199996
2021-11-01,184.49,112.35,87.83,318.87,75621.23602
2021-10-31,183.13,168.19,84.24,204.11,77266.60484600002
2021-10-30,193.8,158.52,95.79,257.31,74723.47502000003
2021-10-29,163.31,157.92,92.35,283.53,72084.84725399996
2021-10-28,147.06,172.46,93.29,341.25,69327.19384599998
2021-10-27,166.22,101.92,70.0,328.25,73603.003837
2021-10-26,136.42,77.9,55.12,349.72,80750.04826199997
2021-10-25,80.38,81.72,40.87,470.51,82747.09208000003
2021-10-24,61.6,43.0,31.78,232.8,80137.03077799999
2021-10-23,66.36,53.9,34.05,117.5,83148.83620399999
2021-10-22,70.53,100.35,38.46,165.06,80757.66652799999
2021-10-21,1013.03,111.01,44.03,1091.67,81732.53232799997
2021-10-20,99.7,68.92,35.86,336.36,84824.436344
2021-10-19,80.68,75.19,46.69,163.51,82553.08546699997
2021-10-18,371.45,63.58,36.6,6410.12,91625.80341200001
2021-10-17,82.43,77.68,45.12,169.77,98732.83867900005
2021-10-16,53.0,76.35,48.4,161.02,98199.65672500001
2021-10-15,102.06,124.51,67.16,1117.29,102896.05905000003
2021-10-14,121.49,88.24,56.06,824.17,84049.56397500003
2021-10-13,107.53,81.79,48.03,203.26,85905.345487
2021-10-12,81.18,97.73,48.24,318.07,84170.11273100002
2021-10-11,133.18,93.64,50.86,560.93,91776.32682700001
2021-10-10,90.64,58.31,39.46,273.45,96794.36645999999
2021-10-09,81.26,106.48,45.85,193.95,88486.02437099995
2021-10-08,63.77,89.98,55.87,1210.87,87968.935361
2021-10-07,115.15,104.29,67.62,420.99,77837.94197399999
2021-10-06,129.98,99.14,58.06,698.91,85596.17896699999
2021-10-05,112.69,127.62,46.73,386.9,87389.23745799996
2021-10-04,116.76,65.99,34.0,691.27,95000.93213199997
2021-10-03,58.63,48.19,33.83,194.75,92516.18439600003
2021-10-02,44.02,97.94,33.77,353.31,94955.96155399998
2021-10-01,54.5,70.0,46.79,203.19,84635.94809800002
2021-09-30,82.05,79.04,42.78,719.22,96929.88513899999
2021-09-29,75.37,54.19,38.5,694.42,92731.40066499996
2021-09-28,85.3,57.26,45.41,720.41,97773.70010899997
2021-09-27,75.07,42.09,38.54,386.11,97511.32108199998
2021-09-26,48.71,35.83,30.79,1152.63,104133.24480900001
2021-09-25,46.61,48.29,25.94,90.0,94886.483063
2021-09-24,41.0,56.41,35.31,166.7,91030.999113
2021-09-23,63.75,73.13,37.13,216.93,86878.77787599998
2021-09-22,93.32,96.53,34.32,193.59,95746.917295
2021-09-21,71.72,149.69,33.0,586.06,87054.23275899995
2021-09-20,283.05,53.77,32.47,296.05,90749.32351699998
2021-09-19,112.5,40.1,27.97,720.0,97536.71695400002
2021-09-18,40.67,50.36,30.03,162.46,93211.598226
2021-09-17,54.37,46.95,41.11,184.01,90503.21711299996
2021-09-16,56.0,65.88,41.0,1129.85,96951.55274199999
2021-09-15,78.7,30.55,30.55,209.43,86404.352232
2021-09-14,29.66,47.34,29.66,2685.15,86975.91046900001
2021-09-13,58.91,44.87,40.36,573.0,86552.94290699998
2021-09-12,53.47,49.75,33.78,236.5,90856.78460799997
2021-09-11,49.67,57.36,42.0,107.71,88581.43396899998
2021-09-10,66.99,83.37,57.29,1178.08,86869.39869499998
2021-09-09,86.42,87.0,66.84,976.8,88508.59000400003
2021-09-08,110.98,116.93,60.0,642.01,96605.220703
2021-09-07,84.83,72.86,69.23,7500.0,81590.71613499998
2021-09-06,100.23,91.35,66.56,445.0,84028.55693
2021-09-05,78.81,92.29,57.27,244.0,93890.59429600004
2021-09-04,106.01,128.5,69.19,350.0,81816.971501
2021-09-03,145.0,86.31,67.47,548.0,87955.17978000006
2021-09-02,68.54,89.18,59.0,211.74,81512.29084200002
2021-09-01,90.03,130.07,60.0,323.21,85577.08424699999
2021-08-31,140.65,88.01,56.0,1883.3,91235.53401899998
2021-08-30,111.23,75.93,46.67,2300.27,87374.96042499998
2021-08-29,89.27,55.0,42.78,2000.0,96239.86947700004
2021-08-28,67.13,79.13,40.29,2332.22,94332.60525899997
2021-08-27,84.33,82.81,49.0,844.02,98045.692597
2021-08-26,108.25,74.02,44.62,784.87,86751.48929499999
2021-08-25,73.56,75.42,46.85,655.7,92807.36849299997
2021-08-24,65.94,56.18,33.64,350.0,86925.14531700002
2021-08-23,65.44,28.32,25.92,121.82,83037.71558500003
2021-08-22,51.98,29.04,16.33,88.88,86662.14615099998
2021-08-21,35.0,21.0,18.33,218.94,80705.737758
2021-08-20,25.0,43.0,20.05,107.36,85782.29298700002
2021-08-19,40.21,34.64,18.0,115.92,86359.51929299999
2021-08-18,28.44,45.0,23.58,253.77,83500.22508400002
2021-08-17,41.0,56.0,27.29,222.73,78196.14710199997
2021-08-16,40.93,35.21,29.0,228.23,89931.203382
2021-08-15,58.0,33.17,22.66,1558.0,84369.27776500004
2021-08-14,31.0,55.89,26.24,835.0,88177.31796800002
2021-08-13,50.74,53.0,25.0,187.48,82634.019997
2021-08-12,57.91,49.36,27.17,444.0,88528.34793400002
2021-08-11,41.0,44.0,34.0,380.0,86849.36920300001
2021-08-10,61.24,52.0,29.0,341.0,93038.88458099999
2021-08-09,45.37,38.0,26.4,2300.0,84900.31284000001
2021-08-08,38.0,93.5,22.0,400.0,91691.30631399999
2021-08-07,84.0,44.0,30.2,84.0,107223.83310900004
2021-08-06,56.0,40.23,25.0,232.0,92682.80575700004
2021-08-05,36.8,46.0,0.0,410.0,87317.80983099995
2021-08-04,45.0,27.0,0.0,105.0,83348.32443099997
2021-08-03,25.0,29.0,1.0,600.0,84047.03634099997
2021-08-02,26.0,32.0,0.0,185.0,248673.605657
2021-08-01,27.5,30.8,1.0,310.0,92204.49216700002
2021-07-31,26.0,22.0,1.0,1156.05,103326.854934
2021-07-30,31.0,33.0,1.0,173.0,93431.24829200002
2021-07-29,44.0,20.0,1.0,57.0,84038.44417500001
2021-07-28,22.0,47.0,1.0,1000.0,82195.06900700004
2021-07-27,40.0,19.0,1.0,1300.0,95429.23100299995
2021-07-26,23.0,33.0,0.0,68.0,81751.03389500002
2021-07-25,36.0,24.2,1.0,36.0,100520.00412600001
2021-07-24,20.0,15.4,0.0,222.0,91913.806371
2021-07-23,23.1,19.0,0.0,1155.0,90487.70975899998
2021-07-22,20.0,27.0,0.0,141.25,255180.56818200008
2021-07-21,24.2,16.0,1.0,500.0,92422.87278100004
2021-07-20,20.1,17.0,0.0,91.0,91389.021406
2021-07-19,21.0,1.0,1.0,51.0,87168.07221699996
2021-07-18,20.9,30.32,1.0,156.0,92565.11493000001
2021-07-17,41.0,26.0,1.0,113.0,85648.75391000001
2021-07-16,26.0,35.0,1.0,139.0,89319.30593099997
2021-07-15,35.0,36.8,22.0,94.0,86439.83103
2021-07-14,38.5,28.6,1.0,226.0,87311.24949999999
2021-07-13,20.0,21.85,1.0,60.0,89230.78277199999
2021-07-12,18.0,11.0,1.0,94.0,84196.196457
2021-07-11,8.0,6.0,1.0,30.0,95771.18268200001
2021-07-10,7.0,18.0,1.0,30.0,91438.366433
2021-07-09,19.8,30.0,1.0,47.0,94873.39209999997
2021-07-08,38.25,1.0,0.0,85.6,87727.30597499998
2021-07-07,31.59,44.0,1.0,65.0,77214.74438000003
2021-07-06,37.0,11.5,0.0,156.0,77766.75446000001
2021-07-05,10.0,11.0,1.0,93.0,93260.01765300002
2021-07-04,4.1,9.0,1.0,31.15,105006.80291300002
2021-07-03,4.0,4.15,1.0,500.0,109061.09330900002
2021-07-02,4.3,9.0,0.0,232.0,98448.83384300001
2021-07-01,7.0,23.0,0.0,88.0,108432.263137
2021-06-30,23.1,15.0,1.0,183.0,91940.72114700005
2021-06-29,15.18,10.0,1.0,45.0,88104.08281100001
2021-06-28,10.35,17.0,1.0,54.0,109575.70850400002
2021-06-27,22.0,14.0,1.0,550.0,100442.67066899998
2021-06-26,7.0,12.1,0.0,26.0,108032.57355599996
2021-06-25,16.5,6.33,0.0,150.0,89588.80493799999
2021-06-24,11.0,12.0,1.0,45.9,86342.20740299998
2021-06-23,10.89,44.0,1.0,51.0,92432.72073500002
2021-06-22,28.0,58.07,0.0,284.0,97475.15546699999
2021-06-21,93.0,6.0,0.0,108.5,86493.35443700003
2021-06-20,6.0,8.0,1.0,46.0,106953.08312099999
2021-06-19,11.29,1.0,1.0,28.0,110576.494613
2021-06-18,14.64,12.0,1.0,70.0,92852.05879899999
2021-06-17,10.3,16.5,1.0,47.0,90798.94345100004
2021-06-16,19.8,10.0,0.0,55.0,86973.59652500003
2021-06-15,7.0,25.5,1.0,37.0,91411.096134
2021-06-14,1.0,10.15,0.0,38.0,88413.92644699998
2021-06-13,12.1,1.0,1.0,74.0,96484.30252200001
2021-06-12,13.0,9.0,1.0,60.5,94699.64056699995
2021-06-11,11.0,17.0,1.0,55.0,90100.89468
2021-06-10,14.0,11.0,1.0,48.6,91394.26248399999
2021-06-09,14.86,11.0,9.36,64.0,94736.98940000003
2021-06-08,20.0,15.0,1.0,81.0,86174.10535200004
2021-06-07,16.0,16.0,9.9,57.0,98931.91743300004
2021-06-06,16.0,12.0,1.0,39.6,91152.838437
2021-06-05,16.0,19.0,1.0,23.0,108305.52929099994
2021-06-04,17.6,16.5,14.8,47.0,82404.664412
2021-06-03,29.7,17.16,3.0,51.06,96180.61215
2021-06-02,24.0,29.0,1.0,66.0,99523.42441299997
2021-06-01,30.0,24.0,1.0,50.0,83353.260141
2021-05-31,28.0,17.0,1.0,81.0,83711.117012
2021-05-30,17.0,24.2,1.0,36.0,98496.29307399996
2021-05-29,23.0,25.0,1.0,57.51,85292.06970699999
2021-05-28,23.1,28.0,1.0,59.0,86452.96983000003
2021-05-27,32.0,36.0,1.0,56.0,83683.098356
2021-05-26,41.8,1.0,1.0,394.0,83606.903244
2021-05-25,40.7,55.0,1.0,80.0,90240.88188399999
2021-05-24,53.5,52.8,1.0,104.0,85261.78717099997
2021-05-23,60.0,52.0,1.0,537.0,132660.38638400004
2021-05-22,41.0,53.0,1.0,74.0,95239.11156100006
2021-05-21,61.25,57.0,1.0,444.0,79056.06834099999
2021-05-20,65.0,470.0,1.0,515.0,71900.32795599998
2021-05-19,30.1,86.0,1.0,1989.0,75194.69985399999
2021-05-18,67.0,48.0,1.0,151.0,73187.66307899996
2021-05-17,72.6,60.0,1.0,238.8,69302.35472299998
2021-05-16,69.0,50.01,1.0,220.61,75571.01354499998
2021-05-15,1.0,1.0,1.0,137.0,73626.296728
2021-05-14,157.0,81.0,1.0,260.0,67099.995046
2021-05-13,84.0,342.0,1.0,410.25,67505.27059999999
2021-05-12,418.14,288.0,1.0,593.0,65856.364653
2021-05-11,338.8,254.1,1.0,431.21,64185.64076199999
2021-05-10,1.0,93.0,1.0,453.0,61234.340710000004
2021-05-09,93.5,158.0,1.0,275.0,60496.48661200001
2021-05-08,158.0,41.0,1.0,325.21,57647.870786
2021-05-07,41.0,44.0,1.0,132.0,75995.222164
2021-05-06,47.0,54.75,1.0,107.0,66929.91060299997
2021-05-05,51.13,41.01,3.0,250.0,72945.794837
2021-05-04,54.57,58.0,1.0,172.0,79418.50407599998
2021-05-03,57.0,31.0,1.0,156.0,73940.653836
2021-05-02,32.34,1.0,1.0,73.0,72586.475047
2021-05-01,28.0,47.0,1.0,60.0,73048.17647799996
2021-04-30,41.8,47.0,1.0,93.5,75432.08401099997
2021-04-29,1.0,71.0,1.0,125.0,69986.112257
2021-04-28,63.0,71.0,6.0,362.0,68264.14909399998
2021-04-27,57.0,40.0,1.0,116.0,71035.79792800001
2021-04-26,44.0,48.71,1.0,80.0,73814.73965100001
2021-04-25,46.32,48.0,1.0,75.0,91136.08094800003
2021-04-24,55.0,89.0,1.0,89.0,82259.30535100002
2021-04-23,1.0,81.0,1.0,277.0,71908.29084999998
2021-04-22,78.0,121.0,1.0,251.0,65924.97137899998
2021-04-21,134.0,143.0,1.0,234.0,60488.150922
2021-04-20,145.0,359.0,1.0,458.0,58528.031104999995
2021-04-19,317.0,113.88,3.0,400.0,67926.60098599999
2021-04-18,107.19,1.0,1.0,583.0,62212.11230199998
2021-04-17,136.0,144.0,1.0,210.45,59886.64495100001
2021-04-16,110.0,136.0,1.0,328.0,57921.97575000001
2021-04-15,115.74,106.0,1.0,130.0,74200.32994199998
2021-04-14,130.0,124.0,1.0,236.0,68028.89683699998
2021-04-13,115.0,122.0,1.0,209.0,64714.17112299999
2021-04-12,84.89,93.0,1.0,170.0,68065.48143999999
2021-04-11,76.63,82.0,1.0,101.2,70715.63507399999
2021-04-10,139.0,90.0,1.0,143.0,75064.72543600002
2021-04-09,85.0,80.99,1.0,165.0,73314.04572400001
2021-04-08,122.0,93.0,1.0,177.0,68855.73078600003
2021-04-07,120.0,1.0,1.0,240.0,66362.41284799999
2021-04-06,135.0,188.4,1.0,257.0,73057.83499499998
2021-04-05,135.0,95.0,1.0,270.0,70221.47072699998
2021-04-04,120.0,1.0,1.0,140.0,78454.977014
2021-04-03,124.0,120.0,1.0,257.0,81971.46107799998
2021-04-02,196.0,173.0,1.0,320.0,66111.44917099999
2021-04-01,148.5,310.0,1.0,310.0,64495.784011
2021-03-31,271.0,145.76,1.0,360.0,71351.40344299996
2021-03-30,150.0,100.0,1.0,546.0,79809.65172300002
2021-03-29,134.0,96.0,1.0,244.0,75071.23874499997
2021-03-28,112.0,149.05,3.0,206.8,89720.101541
2021-03-27,148.0,96.0,1.0,168.0,76168.38899099999
2021-03-26,141.0,126.0,1.0,200.0,71075.18897399999
2021-03-25,161.0,171.0,1.0,320.0,63542.06333500001
2021-03-24,195.3,173.0,1.0,299.2,66805.14106000002
2021-03-23,180.0,173.15,1.0,274.0,71224.066276
2021-03-22,188.76,174.0,1.0,306.0,65275.487199999996
2021-03-21,175.45,113.0,1.0,198.0,78749.776437
2021-03-20,120.0,149.0,1.0,227.5,71006.99001399998
2021-03-19,159.0,171.0,1.0,205.0,69221.92997299998
2021-03-18,160.0,211.47,1.0,382.0,69007.13893299998
2021-03-17,158.5,189.0,1.0,300.0,70749.49248200005
2021-03-16,245.0,237.0,1.0,341.0,63063.10243800002
2021-03-15,208.0,1.0,1.0,288.0,63911.120548000006
2021-03-14,183.84,132.0,1.0,208.0,65463.817923999995
2021-03-13,153.0,160.6,1.0,249.75,68310.503212
2021-03-12,182.0,202.4,1.0,257.0,67032.38016200004
2021-03-11,183.0,104.13,1.0,268.4,77592.265541
2021-03-10,140.0,156.0,1.0,239.8,69933.197531
2021-03-09,128.7,228.0,1.0,228.0,69848.13144700002
2021-03-08,193.0,145.25,1.0,199.0,68331.58632399999
2021-03-07,1.0,92.75,1.0,256.0,72745.00632199996
2021-03-06,124.0,82.0,1.0,159.0,76466.96000899999
2021-03-05,121.2,113.0,1.0,175.73,76801.14033899996
2021-03-04,134.4,123.0,1.0,276.21,68008.73368200002
2021-03-03,112.11,79.0,1.0,213.0,75001.77077699998
2021-03-02,96.0,129.92,1.0,850.0,73283.92840300003
2021-03-01,104.5,106.59,1.0,199.0,79395.69755600001
2021-02-28,105.0,1.0,1.0,171.0,71065.92037700002
2021-02-27,131.0,134.0,1.0,333.0,72101.302897
2021-02-26,125.0,246.0,1.0,285.0,76088.39692899998
2021-02-25,262.5,135.53,1.0,262.5,78756.111382
2021-02-24,169.0,137.0,1.0,500.0,69728.873028
2021-02-23,182.6,274.0,1.0,1094.0,65743.44723499997
2021-02-22,239.0,112.0,1.0,1054.35,65797.70390100002
2021-02-21,155.1,214.5,1.0,221.55,67803.563026
2021-02-20,196.9,191.0,1.0,356.0,62955.17475500001
2021-02-19,219.0,110.0,1.0,303.0,65024.444013
2021-02-18,150.95,157.3,1.0,250.0,70450.864463
2021-02-17,193.0,231.0,1.0,361.0,67880.72944900002
2021-02-16,211.0,1.0,1.0,268.0,72262.68987399997
2021-02-15,214.29,86.0,1.0,615.0,75818.85272899996
2021-02-14,169.0,147.0,1.0,273.0,70528.32108699999
2021-02-13,147.0,138.5,1.0,288.75,70836.96524600002
2021-02-12,195.0,162.8,1.0,386.1,70503.131582
2021-02-11,145.0,119.93,30.1,302.32,69023.92968299997
2021-02-10,127.5,100.0,1.0,379.0,64734.01816899998
2021-02-09,275.0,240.0,1.0,499.0,65619.27181799998
2021-02-08,277.0,145.21,1.0,445.0,64146.670811
2021-02-07,100.0,1.0,1.0,337.0,73869.50381800001
2021-02-06,101.0,311.0,1.0,461.0,77425.52599699999
2021-02-05,317.0,217.0,1.0,588.0,64680.62931900002
2021-02-04,239.0,256.0,1.0,408.47,65975.560932
2021-02-03,214.2,145.0,1.0,338.0,61674.786168000006
2021-02-02,159.0,242.0,1.0,350.0,67304.38713700001
2021-02-01,1.0,71.0,1.0,227.0,66431.008518
2021-01-31,189.0,90.2,1.0,257.0,69099.700664
2021-01-30,120.0,119.0,1.0,212.0,69241.12261100004
2021-01-29,74.0,216.0,1.0,330.0,66093.101859
2021-01-28,186.0,82.5,1.0,186.0,80811.189381
2021-01-27,134.0,63.0,1.0,279.5,75752.395229
2021-01-26,52.0,101.3,0.02,126.0,77564.43087999997
2021-01-25,63.0,200.0,1.0,201.0,72707.32546
2021-01-24,159.0,61.0,1.0,159.0,80149.39682000005
2021-01-23,59.0,129.04,1.0,129.04,84541.747497
2021-01-22,132.0,291.0,1.0,419.0,70780.65332
2021-01-21,205.2,60.5,1.0,251.0,73457.79965799999
2021-01-20,81.6,64.9,3.0,188.0,72213.78825800002
2021-01-19,55.5,84.0,1.0,170.0,70271.88390199999
2021-01-18,81.6,52.0,1.0,114.45,72975.331313
2021-01-17,1.0,103.0,1.0,103.0,74825.88950999998
2021-01-16,79.0,64.0,1.0,171.0,73180.42828000002
2021-01-15,104.0,48.0,1.0,401.0,68373.81684500001
2021-01-14,76.0,56.0,1.0,203.0,72679.113968
2021-01-13,72.0,76.0,1.0,158.4,75413.916471
2021-01-12,70.0,85.0,1.0,136.0,73883.18107299999
2021-01-11,84.0,94.0,1.0,702.0,72667.803228
2021-01-10,96.0,58.0,1.0,230.0,71150.64140899997
2021-01-09,97.0,101.0,1.0,141.0,72979.70718499998
2021-01-08,106.7,70.0,1.0,363.76,72992.615944
2021-01-07,108.65,116.0,1.0,404.3,67974.09207999996
2021-01-06,130.0,110.0,1.0,198.0,67901.173139
2021-01-05,115.5,199.0,1.0,270.0,67404.09208499998
2021-01-04,160.0,220.0,1.0,640.0,65829.05316799998
2021-01-03,210.0,79.0,1.0,585.0,69790.84029000004
2021-01-02,73.7,85.0,1.0,242.0,73875.08361700003
2021-01-01,88.0,64.22,1.0,106.0,77042.74340200004
2020-12-31,77.0,122.0,1.0,150.0,67033.83407099998
2020-12-30,164.0,107.8,1.0,205.0,78990.49009999998
2020-12-29,82.0,106.0,9.0,148.0,70107.17612399999
2020-12-28,30.1,140.0,1.0,283.8,68112.37500400003
2020-12-27,123.0,92.0,1.0,272.55,72233.28091300001
2020-12-26,89.0,68.0,1.0,117.7,77676.91461899999
2020-12-25,85.0,87.15,1.0,202.0,72149.163964
2020-12-24,61.0,1.0,1.0,244.0,76084.39099800003
2020-12-23,248.0,85.8,33.0,579.0,65018.04962399997
2020-12-22,85.0,70.6,1.0,119.0,77214.07003799999
2020-12-21,75.0,30.1,1.0,182.0,72981.88110399999
2020-12-20,1.0,25.1,1.0,75.0,90808.33854800003
2020-12-19,1.0,39.0,1.0,304.0,88497.49396599998
2020-12-18,50.0,98.55,0.25,134.73,80511.900721
2020-12-17,83.0,110.0,1.0,421.2,67182.96136500002
2020-12-16,101.0,70.0,1.0,210.0,69734.785122
2020-12-15,73.0,48.0,1.0,123.0,75047.09264999999
2020-12-14,62.0,41.8,1.0,110.0,76388.44093699999
2020-12-13,32.71,30.0,1.0,75.0,77548.306392
2020-12-12,32.0,83.0,1.0,93.0,80057.541115
2020-12-11,85.8,57.0,3.0,108.0,76731.952983
2020-12-10,48.59,51.0,1.0,79.0,77600.374433
2020-12-09,40.66,30.0,1.0,93.0,75070.48332200001
2020-12-08,96.0,44.0,1.0,112.0,77015.303192
2020-12-07,34.5,30.0,1.0,73.0,89731.06579099997
2020-12-06,41.0,27.5,1.0,41.0,102043.29098600002
2020-12-05,35.0,30.0,1.0,40.7,89679.81473800002
2020-12-04,77.55,37.4,1.0,80.3,76876.63606199999
2020-12-03,38.0,26.21,1.0,75.0,83125.799639
2020-12-02,35.0,36.0,1.0,60.0,74111.28533999999
2020-12-01,33.6,69.01,1.0,233.89,75695.33907199999
2020-11-30,56.0,39.4,1.0,227.2,73668.81626899999
2020-11-29,39.0,12.3,1.0,40.0,106520.67935299998
2020-11-28,21.0,22.0,1.0,40.0,102557.79732500005
2020-11-27,15.0,40.0,1.0,62.0,82868.38885099998
2020-11-26,37.09,22.1,1.0,496.0,79101.08862199995
2020-11-25,70.0,33.0,1.0,96.0,71861.48003199996
2020-11-24,40.0,79.0,1.0,134.0,67419.928185
2020-11-23,75.0,59.0,1.0,140.63,67899.516084
2020-11-22,70.0,1.0,1.0,106.0,73150.96358699998
2020-11-21,59.4,44.0,1.46,144.0,73778.76101600002
2020-11-20,47.0,38.0,20.3,116.0,73156.31846
2020-11-19,36.0,44.0,1.0,77.0,77588.90805399998
2020-11-18,44.0,76.0,1.0,192.0,78795.59724600003
2020-11-17,59.29,39.0,1.0,150.0,79023.72529700001
2020-11-16,38.0,28.6,1.0,88.0,83083.03820399994
2020-11-15,32.0,16.1,1.0,50.0,88170.46188700001
2020-11-14,13.0,26.4,1.0,44.0,187874.91139
2020-11-13,37.0,13.32,1.0,97.0,80515.16327600002
2020-11-12,15.0,35.0,1.0,236.25,95686.09223199997
2020-11-11,19.2,42.0,1.0,79.44,119978.916499
2020-11-10,41.0,28.0,1.0,84.0,75801.753662
2020-11-09,23.0,18.0,1.0,82.0,92481.679691
2020-11-08,21.1,23.0,1.0,34.0,97792.10326400006
2020-11-07,17.1,49.0,1.0,110.0,84012.18833599999
2020-11-06,48.0,31.22,1.0,131.0,73891.33814
2020-11-05,30.0,23.0,1.0,122.0,78399.74858800002
2020-11-04,19.0,28.0,1.0,63.0,90705.81770299998
2020-11-03,25.0,25.0,1.0,80.0,86230.74924500001
2020-11-02,26.0,36.0,9.0,86.0,75481.88488599999
2020-11-01,26.78,23.0,1.0,38.03,92160.90956899998
2020-10-31,24.0,21.0,1.0,66.0,86703.679127
2020-10-30,19.8,45.0,15.1,84.0,77640.73356300002
2020-10-29,45.0,28.0,1.0,116.0,83429.82207699999
2020-10-28,25.41,30.0,1.0,141.0,75762.04215300002
2020-10-27,28.0,18.7,1.0,70.0,84575.59302900001
2020-10-26,16.9,20.0,1.0,99.0,83856.73756300002
2020-10-25,18.0,21.01,1.0,35.2,107871.958279
2020-10-24,17.0,20.2,1.0,37.0,109869.09945600001
2020-10-23,20.0,30.0,1.0,200.0,75401.04172799998
2020-10-22,25.0,55.0,20.0,99.0,69092.76606999998
2020-10-21,44.0,38.5,1.0,155.0,79824.473804
2020-10-20,49.0,20.6,1.0,172.5,83219.09159899999
2020-10-19,1.0,23.1,1.0,105.0,77161.25016
2020-10-18,20.0,20.0,1.0,46.0,86149.152067
2020-10-17,18.7,33.0,1.0,42.0,99993.202704
2020-10-16,38.0,20.2,1.0,82.0,101354.25597600001
2020-10-15,46.0,39.5,1.0,111.0,71893.10902499998
2020-10-14,34.0,23.0,1.0,500.0,71738.21791200002
2020-10-13,43.2,25.0,1.0,300.0,83744.022912
2020-10-12,45.0,22.1,1.0,125.0,85626.18620900004
2020-10-11,25.0,32.0,1.0,61.23,98192.23251599997
2020-10-10,39.0,40.0,1.0,69.0,96967.92941799999
2020-10-09,44.0,49.0,1.0,130.81,89917.63339699998
2020-10-08,40.0,51.1,1.0,115.0,79704.91216800001
2020-10-07,63.0,76.0,6.0,113.0,97913.648975
2020-10-06,69.0,96.0,1.0,177.45,76623.830868
2020-10-05,88.0,57.0,1.0,124.0,79170.62359399999
2020-10-04,62.0,49.0,1.0,370.0,113019.63929199998
2020-10-03,39.0,42.0,1.0,114.0,110300.79773300003
2020-10-02,45.0,60.0,1.0,130.0,99299.74774899997
2020-10-01,56.08,73.0,1.0,242.0,92964.80362299997
2020-09-30,75.48,77.0,1.0,206.0,74894.91274700001
2020-09-29,75.0,190.0,1.0,262.63,81721.19504899999
2020-09-28,135.0,46.2,1.0,171.0,80761.73509800002
2020-09-27,53.0,53.0,42.0,130.0,98330.55230700003
2020-09-26,51.0,71.63,1.0,110.0,95738.619399
2020-09-25,76.0,63.8,1.0,132.0,89648.622056
2020-09-24,57.0,74.0,1.0,183.7,85542.74467300004
2020-09-23,87.0,94.0,1.0,214.0,80074.79735799998
2020-09-22,71.0,97.0,1.0,295.0,77985.21772900003
2020-09-21,96.7,81.0,1.0,372.0,74234.98401700001
2020-09-20,100.1,109.0,1.0,214.0,84239.673864
2020-09-19,96.0,160.0,1.0,465.0,79462.76902600002
2020-09-18,176.0,182.0,1.0,463.0,69333.736487
2020-09-17,267.0,105.0,30.1,755.0,59241.01643800001
2020-09-16,88.0,123.0,6.0,216.0,80252.45947599999
2020-09-15,135.0,108.0,1.0,300.0,90834.29749200001
2020-09-14,85.0,94.5,1.0,330.0,78228.17145900003
2020-09-13,90.0,80.0,62.0,171.6,97208.68863899999
2020-09-12,97.55,85.0,49.6,121.0,83393.48161900003
2020-09-11,90.0,126.0,1.0,218.0,101387.972397
2020-09-10,126.0,94.0,1.0,276.1,74587.59864600004
2020-09-09,112.0,88.0,1.0,175.0,84615.831228
2020-09-08,106.0,85.0,1.0,137.0,93551.09140700003
2020-09-07,84.0,89.0,1.0,145.73,81438.96074800003
2020-09-06,80.0,126.0,1.0,169.0,99472.24043600007
2020-09-05,118.0,119.9,1.0,495.0,85514.96540600002
2020-09-04,94.5,302.94,88.43,439.0,83945.548152
2020-09-03,439.5,317.0,1.0,515.0,78058.124309
2020-09-02,300.0,480.0,1.0,646.0,71731.854199
2020-09-01,500.0,218.0,1.0,549.0,67849.167763
2020-08-31,199.0,131.0,1.0,350.0,65601.83715800001
2020-08-30,133.0,90.0,1.0,402.63,73932.61817400003
2020-08-29,75.0,63.0,1.0,129.0,79763.57068999998
2020-08-28,74.0,55.65,1.0,145.0,87679.96249799998
2020-08-27,55.0,62.0,10.0,137.0,83130.443648
2020-08-26,64.81,60.0,1.0,136.0,82905.89893200001
2020-08-25,60.0,64.0,1.0,185.0,69779.38127899998
2020-08-24,65.0,56.0,1.0,151.5,83159.280063
2020-08-23,55.0,62.0,52.0,97.0,95851.90677199999
2020-08-22,68.2,141.0,60.0,145.2,86202.52495199999
2020-08-21,126.5,93.45,1.0,264.0,68040.038487
2020-08-20,96.0,97.0,1.0,148.0,75998.629423
2020-08-19,93.0,104.0,1.0,188.0,73186.96911700002
2020-08-18,106.0,91.0,1.0,174.0,71696.091311
2020-08-17,94.0,82.0,70.0,169.0,74413.92658400002
2020-08-16,87.15,70.0,1.0,213.0,85121.92478700003
2020-08-15,87.0,112.0,76.0,132.0,79476.25269300003
2020-08-14,112.0,161.0,1.0,305.0,73953.83171500001
2020-08-13,161.0,246.8,1.0,368.0,70873.252325
2020-08-12,215.2,126.0,126.0,284.9,68174.730375
2020-08-11,143.0,93.0,70.02,200.0,66161.31053099998
2020-08-10,72.8,59.0,1.0,200.0,64957.257070000014
2020-08-09,59.0,49.0,39.3,117.0,70330.11662600003
2020-08-08,35.0,40.0,1.0,100.0,77663.48541
2020-08-07,50.0,46.0,1.0,109.0,66254.74298199997
2020-08-06,44.0,33.5,6.0,84.0,77279.87860399998
2020-08-05,29.0,37.0,29.0,79.0,70323.437982
2020-08-04,38.0,44.0,1.0,80.0,79651.147156
2020-08-03,38.0,40.0,1.0,105.0,71730.90340499999
2020-08-02,36.0,40.0,1.0,204.96,85896.52719999998
2020-08-01,40.0,42.67,35.0,80.0,77109.36068099999
2020-07-31,40.0,46.0,9.0,106.0,73931.72417900006
2020-07-30,43.05,53.9,30.1,90.3,77235.77296199999
2020-07-29,45.1,44.0,39.0,108.96,79681.64178699999
2020-07-28,44.0,40.0,32.41,91.0,72888.37742899996
2020-07-27,68.0,39.0,39.0,152.9,72363.80054799998
2020-07-26,36.0,49.0,9.0,104.1,72634.65786899997
2020-07-25,52.0,59.0,40.0,102.0,77249.15237800003
2020-07-24,45.0,41.0,1.0,97.0,74214.82944
2020-07-23,40.02,41.0,40.0,124.0,71779.22885599999
2020-07-22,66.0,37.0,9.0,100.0,74385.54996200002
2020-07-21,40.0,42.0,1.0,110.0,77213.79059499997
2020-07-20,45.0,36.0,1.0,100.0,66878.66038999998
2020-07-19,33.0,32.0,30.0,67.1,76211.36879299999
2020-07-18,30.0,31.0,23.1,80.0,78956.19874499996
2020-07-17,29.0,31.0,24.0,81.0,75403.31069300004
2020-07-16,34.0,25.0,20.0,80.85,74257.49728
2020-07-15,25.0,24.0,1.0,76.0,80816.86370399999
2020-07-14,22.0,20.0,1.0,60.0,80118.17533099999
2020-07-13,21.0,21.0,1.0,90.0,95297.60699400002
2020-07-12,15.01,20.0,1.0,47.0,92552.88504100003
2020-07-11,18.3,26.0,1.0,46.25,91931.33191499997
2020-07-10,23.0,23.4,1.0,55.0,80949.65339899999
2020-07-09,25.0,27.0,15.0,68.0,77717.37367400003
2020-07-08,28.0,19.0,6.0,84.0,75168.95244200002
2020-07-07,20.0,25.0,17.52,58.0,94342.96485699998
2020-07-06,26.0,20.0,1.0,51.0,89653.055241
2020-07-05,23.0,25.0,18.0,38.0,119170.21047099997
2020-07-04,24.31,24.42,1.0,41.0,96857.71696700001
2020-07-03,23.0,27.0,1.0,56.0,83421.96835700002
2020-07-02,25.0,26.57,23.14,50.0,89781.018006
2020-07-01,26.0,27.0,1.0,76.0,90701.61120499998
2020-06-30,25.0,25.0,1.0,75.0,85617.04669399998
2020-06-29,26.5,26.0,6.0,51.0,75544.05119
2020-06-28,24.0,23.3,1.0,41.0,83727.08549900002
2020-06-27,24.0,26.0,20.0,51.0,91245.879092
2020-06-26,24.65,27.58,1.0,48.0,82877.18586700001
2020-06-25,26.0,27.6,6.0,52.0,86157.791592
2020-06-24,22.0,35.0,15.0,61.6,72497.99911799999
2020-06-23,30.0,23.25,6.0,57.0,77634.20958899999
2020-06-22,24.0,14.6,14.6,57.0,73548.88122100002
2020-06-21,14.9,15.0,11.0,76.8,99875.20395300003
2020-06-20,16.0,19.0,1.0,36.0,92966.550037
2020-06-19,24.0,28.0,6.0,50.0,84308.65425500002
2020-06-18,20.9,25.53,1.0,45.0,69656.90925799999
2020-06-17,30.0,21.4,21.0,65.9,82248.157832
2020-06-16,22.0,23.1,1.0,100.0,83581.44382600003
2020-06-15,27.0,1.0,1.0,76.0,79960.44616000004
2020-06-14,12.0,14.7,1.0,34.5,102918.73419500004
2020-06-13,22.86,20.0,1.0,40.0,91809.35455400005
2020-06-12,19.8,25.0,1.0,45.0,89806.39455900001
2020-06-11,23.1,22.0,1.0,66.0,84250.94500499996
2020-06-10,20.0,20.0,1.0,59.0,72575.12426400001
2020-06-09,27.0,22.0,15.0,45.0,73009.84528499999
2020-06-08,30.0,25.41,1.0,51.41,75542.85160699999
2020-06-07,22.0,32.0,16.0,55.5,80813.546705
2020-06-06,23.76,25.41,1.0,93.0,82493.527811
2020-06-05,19.1,14.01,14.01,50.84,96229.49299599997
2020-06-04,16.2,16.3,1.0,42.0,96347.247136
2020-06-03,21.0,19.9,1.0,40.25,88581.05436400003
2020-06-02,22.0,30.0,1.0,70.0,74169.41412599997
2020-06-01,24.0,20.0,1.0,46.0,69648.594622
2020-05-31,17.0,20.0,1.0,40.0,95220.593633
2020-05-30,19.0,14.3,1.0,50.0,81735.08485700002
2020-05-29,14.0,31.0,1.0,44.0,77307.81353899995
2020-05-28,36.25,28.0,1.0,51.0,77136.46065999997
2020-05-27,27.5,25.2,1.0,72.0,75333.33170999997
2020-05-26,20.0,20.0,1.0,41.25,80090.755189
2020-05-25,20.79,16.5,15.0,52.5,83006.397072
2020-05-24,20.0,15.0,6.0,40.0,84939.160156
2020-05-23,20.0,14.0,1.0,29.0,90957.89686199997
2020-05-22,16.0,24.0,1.0,40.0,77247.54142200001
2020-05-21,24.0,28.0,9.0,81.0,76354.59916500002
2020-05-20,25.0,16.0,1.0,51.0,92556.2121000001
2020-05-19,16.0,18.2,1.0,42.0,84568.08556099999
2020-05-18,16.0,19.0,2.5,50.0,84388.482542
2020-05-17,21.0,16.0,7.4,38.81,85750.17661700003
2020-05-16,11.0,17.1,1.0,30.0,81154.04381699998
2020-05-15,16.5,20.0,14.0,41.0,73713.01514799998
2020-05-14,19.9,12.0,1.0,56.0,87223.44089600003
2020-05-13,20.0,15.0,13.0,55.5,83761.47623499998
2020-05-12,15.0,13.0,1.0,51.0,77337.984382
2020-05-11,10.0,16.0,1.0,28.15,83936.195003
2020-05-10,8.0,56.1,4.0,90.0,79396.65710099998
2020-05-09,60.0,10.0,1.0,60.0,76603.32966400005
2020-05-08,12.0,13.3,1.0,29.4,83187.33081100002
2020-05-07,17.0,13.0,4.0,24.0,79373.48031000003
2020-05-06,8.0,3.74,1.0,27.0,91841.07914399994
2020-05-05,6.0,8.0,2.0,25.0,106526.06550699999
2020-05-04,6.0,3.01,2.4,18.0,101591.49599499995
2020-05-03,3.0,8.0,1.0,20.0,83411.66093200001
2020-05-02,9.0,5.61,0.0,15.0,83542.07510799999
2020-05-01,5.6,7.07,1.0,20.0,82595.31421299999
2020-04-30,5.5,6.0,1.0,48.0,73163.79914499998
2020-04-29,5.0,2.0,0.0,30.0,81562.60337
2020-04-28,5.0,2.3,1.0,16.0,84582.348961
2020-04-27,2.18,3.8,1.0,20.0,80281.54329300001
2020-04-26,2.0,2.0,1.21,19.97,78196.544946
2020-04-25,1.6,4.0,1.0,15.0,91676.11829099999
2020-04-24,3.63,4.0,1.0,20.0,81596.52290900004
2020-04-23,10.0,6.0,1.0,20.0,76992.84789199999
2020-04-22,8.0,3.0,1.0,20.0,85015.964131
2020-04-21,3.0,8.0,1.0,20.0,84826.73786999997
2020-04-20,5.0,6.9,1.0,20.0,78754.921217
2020-04-19,4.95,5.1,1.0,20.0,106061.576859
2020-04-18,7.5,3.0,1.0,20.63,98656.801432
2020-04-17,4.0,7.0,1.0,13.0,78344.045156
2020-04-16,10.09,7.0,1.11,21.12,88535.87954599997
2020-04-15,11.0,1.1,1.0,13.0,90621.31402399996
2020-04-14,5.0,5.7,0.5,20.0,88826.184432
2020-04-13,2.0,6.16,1.0,20.0,93537.08257199997
2020-04-12,1.1,2.0,1.0,10.0,98381.83609800001
2020-04-11,5.32,2.0,1.0,12.0,107681.438578
2020-04-10,18.0,1.1,1.0,20.0,97988.37925499998
2020-04-09,1.1,8.8,1.0,18.0,109693.82795400001
2020-04-08,8.0,5.0,1.0,23.29,116960.98513399994
2020-04-07,6.8,1.2,1.0,20.0,90489.60541800004
2020-04-06,2.0,5.0,1.0,20.0,93958.79249200001
2020-04-05,5.0,2.0,1.0,10.0,121892.02382700004
2020-04-04,5.0,10.0,1.0,20.0,110045.64763600005
2020-04-03,5.0,7.0,1.0,18.0,88199.69661199999
2020-04-02,2.0,4.0,0.99,18.0,101331.32164899999
2020-04-01,4.0,15.0,1.0,20.0,103911.01624100005
2020-03-31,5.0,13.06,0.0,35.0,106504.145166
2020-03-30,3.0,5.0,1.0,20.0,99108.305483
2020-03-29,1.0,1.0,0.9500000000000001,21.0,105169.50251700003
2020-03-28,10.0,10.0,0.9400000000000001,10.0,112353.36379600002
2020-03-27,2.0,1.24,1.0,20.0,101869.06836800002
2020-03-26,7.07,1.65,1.0,20.0,82843.56824999998
2020-03-25,7.0,5.0,1.0,20.0,93032.18175499998
2020-03-24,1.0,5.0,1.0,20.0,75208.16730200002
2020-03-23,6.0,2.0,1.0,24.0,105924.57865400003
2020-03-22,8.0,1.0,1.0,20.4,84083.42769
2020-03-21,4.4,2.0,1.0,12.9,92834.28912199996
2020-03-20,2.0,5.1,1.0,24.0,89113.67666799996
2020-03-19,5.1,5.0,1.0,34.0,72945.573471
2020-03-18,7.5,2.0,1.0,23.0,82989.17052399999
2020-03-17,2.0,1.43,1.0,30.0,92104.298765
2020-03-16,10.0,2.0,1.0,53.0,114031.34103399998
2020-03-15,9.0,6.0,1.0,30.0,90338.78449300003
2020-03-14,9.6,8.0,1.0,19.0,104928.58703899998
2020-03-13,6.0,102.0,1.0,218.9,82647.23276099996
2020-03-12,94.0,10.0,1.0,200.0,95421.21441999997
2020-03-11,4.0,2.0,1.0,20.0,93017.94811500002
2020-03-10,1.0,1.2,1.0,131.0,104454.13242199998
2020-03-09,1.11,1.1,1.02,18.88,96325.297668
2020-03-08,8.0,1.2,0.9,25.0,144616.442236
2020-03-07,1.0,2.5,0.01,12.55,96167.57843900005
2020-03-06,4.0,2.0,1.0,35.0,147681.328433
2020-03-05,5.0,11.4,0.1,15.0,77500.829416
2020-03-04,1.1,1.0,1.0,34.0,153619.40657400002
2020-03-03,1.0,5.0,0.98,12.15,95616.74610900001
2020-03-02,1.0,1.0,1.0,15.0,90118.38098299997
2020-03-01,1.0,5.4,0.5,20.0,98337.374722
2020-02-29,1.0,1.0,1.0,15.0,86534.86649799999
2020-02-28,1.0,6.0,1.0,50.0,97707.79604499995
2020-02-27,3.0,5.0,1.0,41.0,136148.75274800003
2020-02-26,1.78,1.0,1.0,50.0,94436.828143
2020-02-25,2.0,12.0,1.0,35.0,96550.35334800003
2020-02-24,1.0,8.0,1.0,35.0,99396.56050900003
2020-02-23,4.0,1.2,0.86,35.0,101105.28677499999
2020-02-22,5.83,1.0,1.0,30.0,79705.24126299999
2020-02-21,5.5,8.0,0.49,35.0,87057.00234099998
2020-02-20,2.0,1.0,0.88,25.0,87656.88477799999
2020-02-19,9.0,1.0,0.99,40.0,156179.28987099993
2020-02-18,2.0,7.7,0.8200000000000001,20.0,95727.17673099999
2020-02-17,6.0,2.0,1.0,22.0,86256.361431
2020-02-16,8.0,6.0,0.81,21.0,112546.20659500005
2020-02-15,1.0,5.0,1.0,30.0,79191.77217599998
2020-02-14,3.8,7.0,1.0,30.0,79811.94532799997
2020-02-13,5.0,15.0,1.0,20.0,79603.640356
2020-02-12,5.0,30.0,0.1,30.0,90061.10543299998
2020-02-11,3.0,1.0,1.0,20.0,154710.27923400005
2020-02-10,9.0,1.0,1.0,20.0,103171.36059400001
2020-02-09,8.0,1.4,0.9,25.0,107712.003642
2020-02-08,2.0,3.1,1.0,40.0,95930.453804
2020-02-07,1.0,3.0,1.0,18.0,137769.735172
2020-02-06,3.0,6.0,1.0,18.0,121520.895724
2020-02-05,6.0,2.0,1.0,20.0,105177.95422400004
2020-02-04,14.1,2.0,1.0,51.0,136389.04633200003
2020-02-03,2.0,1.0,1.0,16.0,105196.19186299999
2020-02-02,1.0,8.0,0.8,35.0,100189.96518099999
2020-02-01,2.4,5.0,1.0,15.0,104613.99910400003
2020-01-31,3.0,1.4,0.81,15.0,104195.01077999998
2020-01-30,2.0,2.0,0.81,50.0,135304.00064899997
2020-01-29,1.0,1.73,1.0,22.0,94367.144297
2020-01-28,7.0,1.5,1.0,20.0,100591.97349199999
2020-01-27,2.0,5.0,0.1,20.0,112066.46636899999
2020-01-26,3.0,1.0,1.0,30.0,194032.36606400006
2020-01-25,8.0,2.0,0.72,32.0,120610.49669230767
2020-01-21,6.0,1.0,1.0,14.29,68419.80231827957
2020-01-20,1.0,1.1,0.33,12.0,88281.93791400001
2020-01-19,1.5,7.0,0.78,20.0,92887.47203800002
2020-01-18,2.0,2.0,0.71,40.0,95200.864432
2020-01-17,1.0,1.0,1.0,60.0,96703.816115
2020-01-16,4.0,6.0,0.76,20.0,81624.72512599996
2020-01-15,2.0,2.0,1.0,21.0,98054.11732099998
2020-01-14,7.0,5.0,1.0,13.2,92010.79017699997
2020-01-13,5.0,1.0,0.8,20.0,132662.01932100003
2020-01-12,1.0,1.0,1.0,20.0,107770.906507
2020-01-11,10.0,0.71,0.71,20.0,125239.25178000004
2020-01-10,6.6,20.0,1.0,21.0,86817.66743599997
2020-01-09,1.0,5.0,0.7000000000000001,20.0,132887.76020100006
2020-01-08,1.0,5.0,0.86,20.0,95532.39672999998
2020-01-07,1.0,1.0,1.0,50.0,104553.1690576923
2020-01-06,1.0,1.0,0.8,22.0,91066.66359100005
2020-01-05,2.0,1.01,0.0,22.0,154147.048756
2020-01-04,3.0,1.0,1.0,50.0,79479.04563800001
2020-01-03,1.2,1.0,1.0,25.0,137984.41738299996
2020-01-02,2.0,1.0,0.7000000000000001,50.0,106664.17923600007
2020-01-01,20.0,4.0,0.6000000000000001,20.0,119438.87536300001
2019-12-31,1.0,1.0,1.0,23.0,118868.39359199996
2019-12-30,1.0,8.0,0.1,30.0,80728.08135800001
2019-12-29,1.0,1.5,0.85,30.0,130997.48873099999
2019-12-28,3.0,1.0,0.7000000000000001,21.0,103574.146065
2019-12-27,1.0,10.0,1.0,30.0,85882.20386100006
2019-12-26,1.0,14.0,0.8,21.0,122771.156218
2019-12-25,3.0,7.0,1.0,30.0,116031.4122510001
2019-12-24,8.0,1.5,1.0,20.0,104204.567997
2019-12-23,2.0,2.0,0.2,21.0,107628.74154999999
2019-12-22,1.0,2.5,1.0,20.0,124265.73344799994
2019-12-21,2.01,5.0,1.0,20.0,106874.76734900007
2019-12-20,2.0,10.0,1.0,20.0,92787.383775
2019-12-19,4.84,3.0,1.0,20.0,134445.055685
2019-12-18,2.41,8.0,1.1,20.0,92313.349122
2019-12-17,10.0,1.2,1.0,35.0,98102.95454799998
2019-12-16,3.0,2.0,1.0,21.0,81838.51545800004
2019-12-15,1.1,2.0,1.0,20.9,147949.12504899997
2019-12-14,1.0,10.0,0.2,20.0,141151.481072
2019-12-13,2.0,10.0,1.0,21.0,112282.53092500001
2019-12-12,1.0,2.0,0.98,30.0,100295.73583100003
2019-12-11,1.0,2.0,1.0,30.0,97223.464699
2019-12-10,1.87,1.25,0.97,25.0,107614.63103799996
2019-12-09,8.0,1.0,1.0,25.0,103667.19816500002
2019-12-08,4.0,3.5,1.0,20.0,135796.280004
2019-12-07,1.0,6.0,1.0,20.0,95452.00080900002
2019-12-06,6.0,9.0,0.97,30.0,79394.44785700004
2019-12-05,7.0,1.2,1.0,20.0,83125.655317
2019-12-04,10.0,1.8,1.0,22.0,90385.91347700002
2019-12-03,1.0,2.0,1.0,26.0,93625.59179800002
2019-12-02,9.0,15.0,1.0,25.0,89914.42092500001
2019-12-01,1.4,1.7000000000000002,1.0,50.0,204845.04721199986
2019-11-30,1.7000000000000002,1.0,1.0,25.0,127340.918256
2019-11-29,1.1,5.6,1.0,20.0,84412.601664
2019-11-28,11.0,10.0,1.0,20.0,157873.92744499998
2019-11-27,15.0,13.0,1.0,20.0,111631.83298700003
2019-11-26,11.0,15.0,1.0,40.0,110534.13797999997
2019-11-25,7.01,1.0,1.0,40.0,87668.98149699999
2019-11-24,15.0,20.0,0.9,30.0,90859.22073800003
2019-11-23,1.0,1.0,1.0,20.0,95293.06702000002
2019-11-22,20.0,12.0,1.0,36.0,93252.95318399995
2019-11-21,7.2,8.0,0.8,21.0,93260.09154600005
2019-11-20,1.0,1.0,1.0,21.0,105998.81499299999
2019-11-19,1.0,8.0,0.9,22.0,118643.25917999998
2019-11-18,1.0,2.0,1.0,26.0,99032.216613
2019-11-17,1.5,1.0,1.0,20.0,106112.00370300001
2019-11-16,1.0,10.0,1.0,20.0,111837.29560499996
2019-11-15,1.5,2.0,1.0,26.0,99155.111035
2019-11-14,6.0,1.0,1.0,22.0,117918.91859700004
2019-11-13,10.0,1.65,1.0,32.0,90364.41245900003
2019-11-12,2.25,0.9,0.9,20.0,94246.27852700007
2019-11-11,1.0,5.0,0.72,25.0,98951.43756700002
2019-11-10,6.0,1.0,1.0,30.0,129240.39494700005
2019-11-09,1.0,1.5,0.71,17.46,126485.734033
2019-11-08,1.0,1.5,1.0,20.0,122429.95651300001
2019-11-07,11.0,10.0,0.4,20.0,86803.15987299997
2019-11-06,10.0,2.0,1.0,21.0,88520.461409
2019-11-05,3.75,10.0,1.0,20.0,79850.31381400002
2019-11-04,4.0,10.0,1.0,21.0,108579.79077300002
2019-11-03,10.0,1.5,0.6000000000000001,16.5,104504.13234700004
2019-11-02,10.0,1.5,0.9,26.0,105288.27383900003
2019-11-01,10.0,5.0,0.8,30.0,97923.55754899999
2019-10-31,15.0,8.0,0.55,25.0,91682.87167999998
2019-10-30,1.0,6.0,0.31,30.0,112108.21884700003
2019-10-29,10.0,12.0,0.2,22.0,102379.87928900003
2019-10-28,2.0,10.0,0.7000000000000001,22.0,73536.532614
2019-10-27,1.0,10.0,0.5,30.0,75122.57847
2019-10-26,10.0,10.0,0.7000000000000001,30.0,86257.28789300002
2019-10-25,10.0,1.0,1.0,22.5,68881.41695299996
2019-10-24,1.0,1.9300000000000002,1.0,30.0,80838.20543499998
2019-10-23,3.0,1.0,0.85,20.0,82505.34788800002
2019-10-22,1.0,0.2,0.2,25.0,76896.89191399999
