Date,Open,High,Low,Close,Volume,Personal Saving %,Close/Last
2017-11-09,308.644989,329.451996,307.056,320.884003,893249984,7.0,2584.62
2017-11-10,320.67099,324.717987,294.541992,299.252991,885985984,7.0,2582.3
2017-11-13,307.024994,328.415009,307.024994,316.716003,1041889984,7.0,2584.84
2017-11-14,316.763,340.177002,316.763,337.631012,1069680000,7.0,2578.87
2017-11-15,337.963989,340.911987,329.812988,333.356995,722665984,7.0,2564.62
2017-11-16,333.442993,336.158997,323.605988,330.924011,797254016,7.0,2585.64
2017-11-17,330.166992,334.963989,327.52301,332.394012,621732992,7.0,2578.85
2017-11-20,354.093994,372.136993,353.289001,366.730011,807027008,7.0,2582.14
2017-11-21,367.442993,372.470001,350.692993,360.401001,949912000,7.0,2599.03
2017-11-22,360.312012,381.420013,360.147003,380.652008,800819008,7.0,2597.08
2017-11-24,412.501007,480.972992,402.757996,474.911011,2292829952,7.0,2602.42
2017-11-27,471.531006,493.404999,468.484985,480.355011,1396480000,7.0,2601.42
2017-11-28,480.518005,482.480011,466.346985,472.902008,1346499968,7.0,2627.04
2017-11-29,473.281006,522.307007,425.071014,427.52301,2675940096,7.0,2626.07
2017-11-30,431.214996,465.497009,401.243011,447.114014,1903040000,7.0,2647.58
2017-12-01,445.209015,472.609009,428.312012,466.540009,1247879936,6.6,2642.22
2017-12-04,466.053986,474.777008,453.312012,470.20401,1005550016,6.6,2639.44
2017-12-05,470.294006,473.558014,457.660004,463.281006,1216720000,6.6,2629.57
2017-12-06,462.604004,462.708008,420.209991,428.588013,1998259968,6.6,2629.27
2017-12-07,426.368988,441.397003,414.411011,434.40799,2129570048,6.6,2636.98
2017-12-08,434.989014,466.062012,422.367004,456.031006,2336379904,6.6,2651.5
2017-12-11,440.358002,516.968994,439.104004,515.135986,1771440000,6.6,2659.99
2017-12-12,522.286011,657.317993,504.493988,651.43103,5179829760,6.6,2664.11
2017-12-13,644.906006,747.992981,597.797974,702.767029,4524539904,6.6,2662.85
2017-12-14,700.593994,753.120972,664.989014,695.815979,3821580032,6.6,2652.01
2017-12-15,696.375977,697.132019,621.060974,684.447998,2758710016,6.6,2675.81
2017-12-18,721.731995,803.927979,689.231018,794.64502,3249230080,6.6,2690.16
2017-12-19,793.901001,881.94397,785.34198,826.822998,4096549888,6.6,2681.47
2017-12-20,827.515991,845.062012,756.004028,819.085999,3969939968,6.6,2679.25
2017-12-21,820.236023,880.54303,792.689026,821.062988,3569060096,6.6,2684.57
2017-12-22,822.643005,827.682983,543.762024,674.859985,4977710080,6.6,2683.34
2017-12-26,763.369995,786.789978,760.934998,773.835999,2201159936,6.6,2680.5
2017-12-27,774.969971,789.252991,738.413025,762.84198,2100029952,6.6,2682.62
2017-12-28,762.208008,763.31897,701.187012,737.02301,2389149952,6.6,2687.54
2017-12-29,740.388977,770.117004,729.607971,753.59198,2648969984,6.6,2673.61
2018-01-02,772.346008,914.830017,772.346008,884.44397,5783349760,7.4,2695.81
2018-01-03,886.0,974.471008,868.450989,962.719971,5093159936,7.4,2713.06
2018-01-04,961.713013,1045.079956,946.085999,980.921997,6502859776,7.4,2723.99
2018-01-05,975.75,1075.390015,956.325012,997.719971,6683149824,7.4,2743.15
2018-01-08,1158.26001,1266.930054,1016.049988,1148.530029,8450970112,7.4,2747.71
2018-01-09,1146.0,1320.97998,1145.48999,1299.73999,7965459968,7.4,2751.29
2018-01-10,1300.339966,1417.380005,1226.599976,1255.819946,9214950400,7.4,2748.23
2018-01-11,1268.089966,1337.300049,1135.170044,1154.930054,7235899904,7.4,2767.56
2018-01-12,1158.290039,1296.040039,1120.089966,1273.199951,5222300160,7.4,2786.24
2018-01-16,1292.630005,1292.630005,875.544983,1053.689941,8405139968,7.4,2776.42
2018-01-17,1061.339966,1090.22998,780.921997,1014.25,8545160192,7.4,2802.56
2018-01-18,1016.440002,1100.310059,967.758972,1036.280029,5938319872,7.4,2798.03
2018-01-19,1028.819946,1093.219971,1003.710022,1039.099976,4084450048,7.4,2810.3
2018-01-22,1055.349976,1089.099976,930.741028,1003.26001,3810099968,7.4,2832.97
2018-01-23,1004.169983,1023.22998,920.539978,986.229004,3556699904,7.4,2839.13
2018-01-24,987.47699,1062.439941,965.807983,1058.780029,3944039936,7.4,2837.54
2018-01-25,1063.219971,1104.660034,1034.73999,1056.030029,4050190080,7.4,2839.25
2018-01-26,1052.699951,1080.599976,996.783997,1055.170044,3617690112,7.4,2872.87
2018-01-29,1246.699951,1256.699951,1169.079956,1182.359985,3715079936,7.4,2853.53
2018-01-30,1184.130005,1184.630005,1058.969971,1071.130005,4107859968,7.4,2822.43
2018-01-31,1071.089966,1128.660034,1034.5,1118.310059,3757560064,7.4,2823.81
2018-02-01,1119.369995,1161.349976,984.81897,1036.790039,5261680128,7.6,2821.98
2018-02-02,1035.77002,1035.77002,757.97998,915.784973,6713290240,7.6,2762.13
2018-02-05,834.958008,856.645996,644.598999,697.950989,4269530112,7.6,2648.94
2018-02-06,707.737,796.439026,574.419006,793.122009,6518269952,7.6,2695.14
2018-02-07,790.427979,851.200012,723.432983,757.067993,3896179968,7.6,2681.66
2018-02-08,755.843018,845.085999,755.843018,817.807007,3708189952,7.6,2581.0
2018-02-09,818.47998,884.004028,788.833984,883.86499,2495820032,7.6,2619.55
2018-02-12,817.507996,875.937012,817.507996,868.70697,2243450112,7.6,2656.0
2018-02-13,869.29303,870.708984,828.836975,845.257996,2081170048,7.6,2662.94
2018-02-14,844.278992,926.429016,844.278992,923.560974,2818370048,7.6,2698.63
2018-02-15,923.728027,951.947998,911.111023,936.976013,2900100096,7.6,2731.2
2018-02-16,934.786011,950.005005,917.848022,944.210022,2369449984,7.6,2732.22
2018-02-20,943.567017,965.265015,892.953979,895.370972,2545260032,7.6,2716.26
2018-02-21,894.13501,912.375,830.562988,849.971008,2531729920,7.6,2701.33
2018-02-22,849.262024,875.926025,802.66803,812.844971,2150370048,7.6,2703.96
2018-02-23,811.585022,886.317993,794.791016,864.189026,2334820096,7.6,2747.3
2018-02-26,845.278015,880.392029,842.31897,869.315002,2044480000,7.6,2779.6
2018-02-27,870.36499,896.258972,867.096985,878.265015,2053980032,7.6,2744.28
2018-02-28,877.934021,890.107971,855.124023,855.198975,1963980032,7.6,2713.83
2018-03-01,856.012024,880.302002,851.919983,872.200012,1868519936,7.6,2677.67
2018-03-02,871.763977,876.377991,852.421997,856.853027,1894419968,7.6,2691.25
2018-03-05,866.846008,869.919983,853.52002,853.684021,1898489984,7.6,2720.94
2018-03-06,853.817017,853.817017,809.93103,816.950989,1943069952,7.6,2728.12
2018-03-07,816.270996,825.606995,726.546997,752.830994,2175419904,7.6,2726.8
2018-03-08,752.570007,773.767029,696.169006,704.596008,1891640064,7.6,2738.97
2018-03-09,702.197021,729.156006,648.106995,728.916016,2233019904,7.6,2786.57
2018-03-12,724.406006,742.513977,683.268005,699.830994,1764999936,7.6,2783.02
2018-03-13,698.153015,713.734985,682.349976,690.827026,1425959936,7.6,2765.31
2018-03-14,691.218994,702.783997,594.099976,614.291016,1810560000,7.6,2749.48
2018-03-15,614.838989,620.616028,579.505005,611.304016,1770460032,7.6,2747.33
2018-03-16,611.778015,623.16803,587.862,601.666016,1417350016,7.6,2752.01
2018-03-19,546.625977,558.099976,519.122986,556.726013,2046790016,7.6,2712.92
2018-03-20,556.721985,567.090027,521.203979,557.174988,1833680000,7.6,2716.94
2018-03-21,559.099976,589.606995,550.572021,561.731995,1781270016,7.6,2711.93
2018-03-22,562.103027,577.565979,523.088989,539.702026,1523459968,7.6,2643.69
2018-03-23,539.864014,540.487,512.127014,539.619019,1596349952,7.6,2588.26
2018-03-26,524.286987,526.379028,470.440002,489.950989,1638880000,7.6,2658.55
2018-03-27,489.589996,491.459015,449.971008,450.115997,1617939968,7.6,2612.62
2018-03-28,450.290985,466.210999,444.860992,446.278992,1514179968,7.6,2605.0
2018-03-29,448.075012,450.812988,385.812988,385.967987,1970230016,7.6,2640.87
2018-04-02,379.699005,395.17099,377.592987,386.424988,1102259968,7.4,2581.88
2018-04-03,387.312012,418.967987,383.532013,416.893005,1363399936,7.4,2614.45
2018-04-04,416.484985,417.471985,375.309998,380.542999,1287730048,7.4,2644.69
2018-04-05,379.946991,387.716003,369.81601,383.231995,1210680064,7.4,2662.84
2018-04-06,382.730988,385.195007,366.911011,370.285004,967105984,7.4,2604.47
2018-04-09,400.856995,429.251007,390.609985,398.526001,1478390016,7.4,2613.16
2018-04-10,399.411011,415.888,393.878998,414.243011,1196000000,7.4,2656.87
2018-04-11,415.023987,430.540009,412.471008,430.540009,1439040000,7.4,2642.19
2018-04-12,430.161011,493.058014,417.412994,492.94101,2519360000,7.4,2663.99
2018-04-13,493.160004,526.469971,482.658997,492.734985,2419249920,7.4,2656.3
2018-04-16,532.073975,534.197021,500.25,511.147003,1758979968,7.4,2677.84
2018-04-17,511.144989,518.031006,502.563995,502.894012,1760359936,7.4,2706.39
2018-04-18,503.30899,525.09198,503.045013,524.789001,1762940032,7.4,2708.64
2018-04-19,524.038025,567.888977,523.262024,567.888977,2256869888,7.4,2693.13
2018-04-20,567.989014,618.715027,560.28302,615.718018,2849469952,7.4,2670.14
2018-04-23,621.198975,646.700012,621.034973,642.547974,2386830080,7.4,2670.29
2018-04-24,643.39801,708.875,643.39801,708.15802,3581860096,7.4,2634.56
2018-04-25,707.062012,707.062012,600.211975,615.416016,4216140032,7.4,2639.4
2018-04-26,618.078979,663.18103,604.007019,662.809021,2984009984,7.4,2666.94
2018-04-27,662.109009,684.867981,647.031982,647.031982,2598129920,7.4,2669.91
2018-04-30,689.760986,694.439026,666.117004,669.924011,2853100032,7.4,2648.05
2018-05-01,670.463013,674.403015,637.539978,673.612976,2678960128,7.5,2654.8
2018-05-02,674.075012,688.84198,667.419983,687.148987,2822269952,7.5,2635.67
2018-05-03,686.591003,784.341003,686.591003,779.54303,4210939904,7.5,2629.73
2018-05-04,776.775024,803.745972,762.632019,785.624023,3533410048,7.5,2663.42
2018-05-07,793.338989,795.757996,710.177979,753.724976,4316120064,7.5,2672.63
2018-05-08,755.008972,774.249023,728.129028,752.856995,2920489984,7.5,2671.92
2018-05-09,752.901978,759.528992,718.471985,752.275024,2877870080,7.5,2697.79
2018-05-10,752.578979,766.747986,726.664001,727.276978,2748950016,7.5,2723.07
2018-05-11,727.013,736.97699,669.825012,679.585999,3290080000,7.5,2727.72
2018-05-14,732.732971,742.169983,695.791992,730.549011,3005110016,7.5,2730.13
2018-05-15,731.143005,739.052002,700.994995,708.870972,2523069952,7.5,2711.45
2018-05-16,708.086975,710.200012,682.541016,707.049988,2476130048,7.5,2722.46
2018-05-17,708.718018,718.833008,668.833984,672.656982,2350619904,7.5,2720.13
2018-05-18,672.10199,695.031006,663.809021,694.367004,2305740032,7.5,2712.97
2018-05-21,717.192993,719.278015,692.494019,699.221985,2005170048,7.5,2733.01
2018-05-22,700.177979,700.976013,644.026001,647.741028,2230469888,7.5,2724.44
2018-05-23,646.669983,651.635986,572.952026,583.585022,2995429888,7.5,2733.29
2018-05-24,584.536011,610.817993,557.205994,601.755005,2791099904,7.5,2727.76
2018-05-25,602.140015,617.185974,575.624023,586.734009,2110919936,7.5,2721.33
2018-05-29,516.14801,572.263977,516.14801,565.388,2330820096,7.5,2689.86
2018-05-30,566.830017,583.135986,545.43103,559.590027,2053970048,7.5,2724.01
2018-05-31,558.497009,585.538025,557.065979,577.64502,1985040000,7.5,2705.27
2018-06-01,578.671997,589.093018,567.664978,580.04303,1945890048,7.6,2734.62
2018-06-04,619.437012,623.429016,583.747009,592.984985,1903430016,7.6,2746.87
2018-06-05,593.406006,611.330017,580.981995,609.302979,1844269952,7.6,2748.8
2018-06-06,610.262024,611.643005,596.395996,607.124023,1756530048,7.6,2772.35
2018-06-07,607.687012,616.143982,601.692993,605.187012,1880140032,7.6,2770.37
2018-06-08,605.442993,608.810974,595.593018,601.077026,1637779968,7.6,2779.03
2018-06-11,524.856995,536.857971,515.268982,533.283997,1982119936,7.6,2782.0
2018-06-12,532.710022,538.955017,491.234985,496.842987,1932760064,7.6,2786.85
2018-06-13,498.018005,501.904999,459.003998,477.493988,2080130048,7.6,2775.63
2018-06-14,478.381012,523.544983,467.466003,519.742004,2458650112,7.6,2782.49
2018-06-15,520.47998,521.304993,487.468994,491.003998,1808269952,7.6,2779.66
2018-06-18,499.382996,521.796021,494.06601,518.890991,1513869952,7.6,2773.75
2018-06-19,519.02301,542.353027,516.312012,537.95697,1726569984,7.6,2762.59
2018-06-20,538.505981,541.015015,519.369019,536.268005,1596290048,7.6,2767.32
2018-06-21,536.447021,543.71698,524.258972,527.367004,1462070016,7.6,2749.76
2018-06-22,527.19397,527.19397,456.877014,465.816986,2226030080,7.6,2754.88
2018-06-25,455.936005,470.343994,448.895996,460.309998,4007950080,7.6,2717.07
2018-06-26,460.733002,461.213013,432.772003,432.772003,1356560000,7.6,2723.06
2018-06-27,432.243988,444.243011,424.838989,442.36499,1368940032,7.6,2699.63
2018-06-28,442.290009,443.618011,419.683014,422.36499,1360790016,7.6,2716.31
2018-06-29,422.587006,441.792999,407.946991,436.009003,1564499968,7.6,2718.37
2018-07-02,453.824005,479.130005,447.110992,475.346985,1625789952,7.6,2726.71
2018-07-03,475.385986,483.854004,462.582001,464.195007,1683939968,7.6,2713.22
2018-07-05,467.286987,483.225006,464.628998,474.411987,1828610048,7.6,2736.61
2018-07-06,474.356995,479.652008,457.61499,474.011993,1627609984,7.6,2759.82
2018-07-09,488.877991,490.85199,475.174988,476.682007,1533799936,7.6,2784.17
2018-07-10,476.161987,478.317993,433.959991,434.424011,1789069952,7.6,2793.84
2018-07-11,434.515015,447.31601,429.506989,446.518005,1422470016,7.6,2774.02
2018-07-12,446.502014,446.502014,422.809998,430.074005,1495440000,7.6,2798.29
2018-07-13,430.740997,442.363007,430.740997,434.027008,1489670016,7.6,2801.31
2018-07-16,450.424988,480.65799,446.798004,480.65799,1858680064,7.6,2798.43
2018-07-17,480.076996,508.779999,468.915009,501.002014,2288100096,7.6,2809.55
2018-07-18,500.838013,513.432983,474.359009,480.513,2371559936,7.6,2815.62
2018-07-19,480.627991,483.23999,465.141998,469.618988,2068739968,7.6,2804.49
2018-07-20,469.307007,469.307007,443.692993,450.697998,1821350016,7.6,2801.83
2018-07-23,459.438995,469.765991,449.727997,450.852997,1596999936,7.6,2806.98
2018-07-24,451.135986,481.141998,450.565002,479.372986,2287520000,7.6,2820.4
2018-07-25,479.906006,482.868011,466.473999,472.493011,1930780032,7.6,2846.07
2018-07-26,472.330994,483.696014,461.424011,464.036987,1621560064,7.6,2837.44
2018-07-27,464.009003,473.221985,458.290985,469.665985,1734259968,7.6,2818.82
2018-07-30,466.826996,467.951996,448.640991,457.080994,2141590000,7.6,2802.6
2018-07-31,457.244995,457.244995,430.444,433.867004,1820680000,7.6,2816.29
2018-08-01,433.868988,435.457001,410.463989,420.747009,1888060000,7.6,2813.36
2018-08-02,420.806,425.033997,410.30899,412.621002,1569300000,7.6,2827.22
2018-08-03,412.566986,420.549011,399.910004,418.261993,1722340000,7.6,2840.35
2018-08-06,410.566986,414.540009,403.315002,406.65799,1384880000,7.6,2850.4
2018-08-07,406.800995,411.404999,376.076996,380.214996,1828350000,7.6,2858.45
2018-08-08,379.891998,380.67099,353.734009,356.613007,2016080000,7.6,2857.7
2018-08-09,356.971008,370.946014,353.614014,365.588013,1616610000,7.6,2853.58
2018-08-10,365.776001,367.045013,329.585999,334.175995,1699400000,7.6,2833.28
2018-08-13,320.209991,323.550995,284.93399,286.494995,1751190000,7.6,2821.93
2018-08-14,286.36499,286.36499,254.649994,278.932007,2137850000,7.6,2839.96
2018-08-15,280.386993,303.589996,280.118988,282.364014,1878150000,7.6,2818.37
2018-08-16,282.740997,298.476013,280.928009,288.04599,1552970000,7.6,2840.69
2018-08-17,287.683014,316.170013,287.346008,315.729004,1995460000,7.6,2850.13
2018-08-20,301.381012,304.372009,273.510986,274.315002,1413790000,7.6,2857.05
2018-08-21,273.330994,285.970001,273.330994,281.944,1164120000,7.6,2862.96
2018-08-22,281.967987,297.485992,264.997986,271.341003,1507660000,7.6,2861.82
2018-08-23,271.747986,279.54599,271.089996,277.104004,1271160000,7.6,2856.98
2018-08-24,278.110992,283.302002,273.859985,282.96701,1450170000,7.6,2874.69
2018-08-27,275.350006,285.602997,273.649994,285.602997,1406790000,7.6,2896.74
2018-08-28,286.648987,297.399994,283.571991,296.498993,1513350000,7.6,2897.52
2018-08-29,296.162994,297.071014,287.286987,289.312012,1474460000,7.6,2914.04
2018-08-30,289.752991,291.243011,275.210999,284.105011,1513100000,7.6,2901.13
2018-08-31,284.119995,284.550995,278.513,283.003998,1411910000,7.6,2901.52
2018-09-04,289.296997,291.579987,284.255005,285.722992,1554870000,7.6,2896.72
2018-09-05,286.045013,288.162994,232.330994,232.330994,2390390000,7.6,2888.6
2018-09-06,231.647995,231.755005,218.123001,230.214996,2097310000,7.6,2878.05
2018-09-07,229.535004,233.895996,217.074997,217.203003,1678260000,7.6,2871.68
2018-09-10,197.850998,201.882996,189.584,197.078995,1502960000,7.6,2877.13
2018-09-11,198.177002,198.505997,180.595993,185.065994,1568900000,7.6,2887.89
2018-09-12,185.423004,185.587006,170.257004,183.330994,1874850000,7.6,2888.92
2018-09-13,183.679001,214.001999,183.679001,211.354004,2330720000,7.6,2904.18
2018-09-14,212.669006,222.794006,204.871002,211.748993,2232190000,7.6,2904.98
2018-09-17,221.582001,224.261002,195.307999,197.875,2019910000,7.6,2888.8
2018-09-18,197.095001,213.356995,195.934006,209.975006,1800640000,7.6,2904.31
2018-09-19,209.472,213.871002,201.656006,209.968994,1733330000,7.6,2907.95
2018-09-20,210.287994,224.817993,207.789001,224.591003,1782070000,7.6,2930.75
2018-09-21,225.251007,248.388,221.567001,246.584,2836200000,7.6,2929.67
2018-09-24,244.843994,245.108002,227.490005,228.729996,1748740000,7.6,2919.37
2018-09-25,228.326996,228.326996,206.490005,218.505005,2120360000,7.6,2915.56
2018-09-26,218.647003,221.436996,209.113007,215.847,1756100000,7.6,2905.97
2018-09-27,215.440002,230.606995,212.654007,228.494003,2030320000,7.6,2914.0
2018-09-28,229.041,231.748001,218.669006,222.401993,2018120000,7.6,2913.98
2018-10-01,233.220001,234.145004,226.945007,230.768005,1597500000,7.4,2924.59
2018-10-02,231.100006,231.167007,225.837997,227.181,1542080000,7.4,2923.43
2018-10-03,226.406998,226.457993,213.970993,220.488998,1683930000,7.4,2925.51
2018-10-04,220.445999,226.147995,220.089996,222.218002,1479500000,7.4,2901.61
2018-10-05,222.266998,228.319,220.957001,227.600998,1547330000,7.4,2885.57
2018-10-08,226.509003,230.764999,224.557007,229.255005,1470740000,7.4,2884.43
2018-10-09,229.710007,230.160995,226.401001,227.981995,1405130000,7.4,2880.34
2018-10-10,227.615005,227.707001,224.494995,225.768997,1384040000,7.4,2785.68
2018-10-11,225.610001,225.610001,189.283005,189.498993,2167620000,7.4,2728.37
2018-10-12,188.707001,199.401001,188.707001,196.727005,1487900000,7.4,2767.13
2018-10-15,195.270004,222.117996,194.158997,209.703995,2865830000,7.4,2750.79
2018-10-16,209.628006,212.173004,207.983994,210.119995,1532280000,7.4,2809.92
2018-10-17,210.216995,211.125,205.927994,207.082993,1444130000,7.4,2809.21
2018-10-18,207.404007,208.470001,201.742996,203.352005,1365860000,7.4,2768.78
2018-10-19,203.257004,204.662994,201.843994,203.727005,1264480000,7.4,2767.78
2018-10-22,205.173996,206.932007,203.376999,204.044006,1328980000,7.4,2755.88
2018-10-23,204.016006,205.151001,201.910995,204.335999,1237490000,7.4,2740.69
2018-10-24,204.126999,205.580994,203.354004,203.852005,1102220000,7.4,2656.1
2018-10-25,203.867996,204.132004,201.822998,202.718994,1102900000,7.4,2705.57
2018-10-26,202.335999,204.779999,201.550995,203.328995,1161310000,7.4,2658.69
2018-10-29,205.173996,205.597,195.733994,197.246994,1517230000,7.4,2641.25
2018-10-30,197.203003,198.121994,196.350998,197.556,1363500000,7.4,2682.63
2018-10-31,197.649002,198.337997,196.531006,197.380997,1442380000,7.4,2711.74
2018-11-01,197.537003,203.753998,197.328003,198.871994,1336700000,7.2,2740.37
2018-11-02,198.981995,201.268997,198.755005,200.634995,1451870000,7.2,2723.06
2018-11-05,207.100006,210.819,206.572998,209.091003,1613510000,7.2,2738.31
2018-11-06,209.473999,218.451996,207.893997,218.451996,1856940000,7.2,2755.45
2018-11-07,218.899002,221.651993,216.796005,217.182999,1927830000,7.2,2813.89
2018-11-08,217.326996,218.337997,212.199005,212.231003,1769080000,7.2,2806.83
2018-11-09,211.987,213.315994,209.514999,210.074005,1554750000,7.2,2781.01
2018-11-12,211.513,212.623001,208.923996,210.417999,1452380000,7.2,2726.22
2018-11-13,210.149002,210.514999,206.134995,206.826004,1610260000,7.2,2722.18
2018-11-14,206.533997,207.044998,174.084,181.397003,2595330000,7.2,2701.58
2018-11-15,181.899002,184.251007,170.188995,180.806,2638410000,7.2,2730.2
2018-11-16,180.865005,181.350006,173.126007,175.177002,2015330000,7.2,2736.27
2018-11-19,177.179001,177.179001,147.850998,149.175003,2745160000,7.2,2690.73
2018-11-20,148.811005,151.253006,126.360001,130.339005,3134410000,7.2,2641.89
2018-11-21,131.141998,138.889999,125.758003,136.701004,2685930000,7.2,2649.93
2018-11-23,126.418999,127.028,119.558998,123.295998,1998010000,7.2,2632.56
2018-11-26,116.343002,118.200996,104.892998,108.334999,2139490000,7.2,2673.45
2018-11-27,107.913002,111.842003,102.452003,110.010002,2320010000,7.2,2682.17
2018-11-28,110.197998,126.047997,110.197998,122.438004,2673470000,7.2,2743.79
2018-11-29,122.72155,123.229721,115.297691,117.542648,2196099151,7.2,2737.76
2018-11-30,117.728096,119.423767,111.744965,113.171417,2020748396,7.2,2760.17
2018-12-03,116.378761,116.619064,107.415657,108.925018,1772756193,9.0,2790.37
2018-12-04,108.803162,113.142914,107.402718,110.214188,1748116495,9.0,2700.06
2018-12-06,102.450592,104.103493,91.761055,91.761055,2310716932,9.0,2695.95
2018-12-07,91.649834,96.089844,83.469719,93.294563,2554304530,9.0,2633.08
2018-12-10,94.992172,96.257301,90.654251,91.685654,1756437577,9.0,2637.72
2018-12-11,91.578934,92.782326,87.688408,88.945305,1707497898,9.0,2636.78
2018-12-12,88.610703,92.240555,88.263557,90.5933,1533050103,9.0,2651.07
2018-12-13,90.655228,91.111603,85.518311,86.539314,1754475622,9.0,2650.54
2018-12-14,86.630356,87.144943,83.226479,84.308296,1651491877,9.0,2599.95
2018-12-17,85.382111,96.805054,85.382111,95.133827,2101453024,9.0,2545.94
2018-12-18,95.10804,101.320236,92.968521,101.112457,2277514076,9.0,2546.16
2018-12-19,101.683846,108.549057,100.69146,101.268578,2456482115,9.0,2506.96
2018-12-20,101.090439,117.170128,100.639961,116.216873,3063842618,9.0,2467.42
2018-12-21,115.835403,119.094162,107.584793,109.496231,2632539990,9.0,2416.62
2018-12-24,130.641663,157.668701,130.641663,140.238007,4370343387,9.0,2351.1
2018-12-26,129.888824,136.677246,126.292908,131.865631,2720469126,9.0,2467.7
2018-12-27,131.923584,132.677063,115.650101,116.575912,2612804378,9.0,2488.83
2018-12-28,116.898201,137.647018,115.69313,137.647018,3130201009,9.0,2485.74
2018-12-31,140.031067,140.181152,132.519394,133.368256,2358360234,9.0,2506.85
2019-01-02,141.519516,156.929138,140.650955,155.047684,3328240369,8.7,2510.03
2019-01-03,155.196045,155.863052,147.198364,149.13501,2676164880,8.7,2447.89
2019-01-04,148.912888,156.878983,147.907104,154.58194,3126192535,8.7,2531.94
2019-01-07,157.809494,158.450424,151.150726,151.699219,2712108388,8.7,2549.69
2019-01-08,151.967545,153.625778,148.66954,150.359634,2459808140,8.7,2574.41
2019-01-09,150.554688,153.622253,150.288376,150.803116,2369241197,8.7,2584.96
2019-01-10,150.843506,152.14827,126.529373,128.625183,3397734456,8.7,2596.64
2019-01-11,127.813965,130.165939,125.244942,127.548325,2667585234,8.7,2596.26
2019-01-14,116.979095,130.856735,116.96756,129.068726,2798085735,8.7,2582.61
2019-01-15,129.172684,130.743561,120.311523,122.032715,2735449164,8.7,2610.3
2019-01-16,121.809242,127.118248,121.441414,123.547066,2746469340,8.7,2616.1
2019-01-17,123.57354,124.270721,120.817032,123.74192,2594091285,8.7,2635.96
2019-01-18,123.654655,123.84169,120.241898,121.010262,2305389800,8.7,2670.71
2019-01-22,117.110756,119.664345,114.676682,118.747551,2552507405,8.7,2632.9
2019-01-23,118.713814,119.422798,116.376648,117.452606,2556952198,8.7,2638.7
2019-01-24,117.462784,118.032104,116.006798,117.362885,2520843420,8.7,2642.33
2019-01-25,117.594955,117.802994,115.830154,116.378342,2606881898,8.7,2664.76
2019-01-28,113.285233,113.688232,103.336464,106.589973,3366895505,8.7,2643.85
2019-01-29,106.721954,107.165787,103.999229,105.598213,2900418606,8.7,2640.0
2019-01-30,105.407204,109.45298,104.843796,108.907539,2874370355,8.7,2681.05
2019-01-31,108.900772,110.458359,106.525352,107.061012,2828796031,8.7,2704.1
2019-02-01,107.147682,108.63871,105.046501,107.609787,2541271519,8.8,2706.53
2019-02-04,107.625824,108.701035,107.067421,107.821602,2491888675,8.8,2724.87
2019-02-05,107.628166,108.134789,106.909897,107.44352,2515863999,8.8,2737.7
2019-02-06,107.569305,107.569305,102.934563,104.919289,2593048199,8.8,2731.61
2019-02-07,104.835777,106.058876,104.409134,104.535301,2326764622,8.8,2706.05
2019-02-08,104.64505,119.805817,104.194435,119.267746,3656841347,8.8,2707.88
2019-02-11,124.871536,124.871536,120.311752,121.298393,3222473887,8.8,2709.8
2019-02-12,121.178574,123.4683,119.600021,122.572289,3149576429,8.8,2744.73
2019-02-13,122.544289,125.550697,121.612495,122.553604,3386585799,8.8,2753.03
2019-02-14,122.416985,124.451988,121.334892,121.390205,3331701628,8.8,2745.73
2019-02-15,121.453697,123.660126,121.371918,122.100388,3021741615,8.8,2775.6
2019-02-19,146.398819,149.929977,145.128464,145.346191,5310842625,8.8,2779.76
2019-02-20,145.172729,149.554337,142.502121,149.554337,4500094965,8.8,2784.7
2019-02-21,149.352325,149.352325,144.563812,146.130844,3995766856,8.8,2774.88
2019-02-22,146.073257,149.268616,145.206543,149.092453,3731099284,8.8,2792.67
2019-02-25,135.499725,142.525574,135.483841,139.822861,4914392068,8.8,2796.11
2019-02-26,139.646088,139.97644,136.579605,138.089676,3791292839,8.8,2793.9
2019-02-27,138.029572,141.336227,131.602921,136.125961,4469776860,8.8,2792.38
2019-02-28,136.283081,138.847137,135.657593,136.746246,4535438953,8.8,2784.49
2019-03-01,136.836243,138.99527,136.434784,136.443619,3756124824,8.2,2803.69
2019-03-04,132.157883,132.729141,125.402702,127.774124,4008171341,8.2,2792.81
2019-03-05,127.792953,138.22998,126.735298,137.822388,4764849990,8.2,2789.65
2019-03-06,137.95874,139.968826,136.14592,138.789352,4589054219,8.2,2771.45
2019-03-07,138.942383,140.85788,137.273132,138.0345,4339206292,8.2,2748.93
2019-03-08,138.311356,139.4991,133.557693,135.127075,4678816794,8.2,2743.07
2019-03-11,136.849533,137.353409,133.102798,133.83403,4689807419,8.2,2783.3
2019-03-12,134.012848,135.273468,130.944153,134.442886,4709988000,8.2,2791.52
2019-03-13,134.611771,134.611771,132.719727,133.263077,4265162099,8.2,2810.92
2019-03-14,133.203903,135.180847,132.750076,133.711594,4476532147,8.2,2808.48
2019-03-15,133.567154,138.395142,133.567154,137.691788,4506861856,8.2,2822.48
2019-03-18,140.104858,142.267212,138.841553,139.374603,4551739879,8.2,2832.94
2019-03-19,139.254013,140.989059,139.143021,140.519196,4251488129,8.2,2832.57
2019-03-20,140.484711,140.945572,138.307037,140.686356,4664134462,8.2,2824.23
2019-03-21,140.478485,141.003235,135.855423,136.636063,5087247796,8.2,2854.88
2019-03-22,136.562256,138.794296,136.228607,137.181442,4490899266,8.2,2800.71
2019-03-25,137.08136,137.695343,133.490158,135.031021,4480516753,8.2,2798.36
2019-03-26,135.054321,135.460358,133.757339,135.460358,4499271679,8.2,2818.46
2019-03-27,135.454361,141.07547,135.34166,140.988159,5228240093,8.2,2805.37
2019-03-28,141.005844,141.007935,138.425171,139.416473,4163212475,8.2,2815.44
2019-03-29,139.343201,142.54924,138.045105,142.497421,5125602702,8.2,2834.4
2019-04-01,141.465485,142.733994,140.737564,141.830322,4611999536,7.7,2867.19
2019-04-02,141.839523,165.226822,141.636459,163.961746,9826645698,7.7,2867.24
2019-04-03,164.008636,178.322052,157.322144,161.458801,10622456246,7.7,2873.4
2019-04-04,161.431763,164.929214,155.241104,158.052536,7953123529,7.7,2879.39
2019-04-05,158.020004,167.220383,157.443954,165.514847,7531316908,7.7,2892.74
2019-04-08,174.449677,184.377853,174.160995,180.25882,9304964610,7.7,2895.77
2019-04-09,180.222122,180.254227,175.091751,176.114578,7632529578,7.7,2878.2
2019-04-10,176.067841,183.134277,175.230377,177.337479,7856924879,7.7,2888.21
2019-04-11,177.342758,177.487488,162.320618,165.497025,7859383417,7.7,2888.32
2019-04-12,165.335205,166.127518,161.029739,164.736328,6237185309,7.7,2907.41
2019-04-15,167.897476,168.818451,159.55574,161.574173,5672311824,7.7,2905.58
2019-04-16,161.52655,167.666321,160.888748,167.623444,5180105341,7.7,2907.06
2019-04-17,167.553696,168.938583,165.501892,166.95076,5596102715,7.7,2900.45
2019-04-18,166.913208,175.365326,166.672119,173.814026,6971581464,7.7,2905.03
2019-04-22,170.017487,173.069122,168.729553,171.874664,6094878077,7.7,2907.97
2019-04-23,172.007217,176.850784,170.896759,171.4478,7097827092,7.7,2933.68
2019-04-24,171.349533,171.573212,161.976685,165.826096,7351304156,7.7,2927.25
2019-04-25,165.914734,166.513412,153.847,154.459396,6820332362,7.7,2926.17
2019-04-26,154.579437,158.029007,152.085678,156.347092,7505283355,7.7,2939.88
2019-04-29,157.291061,158.333923,153.186523,155.201996,6053776253,7.7,2943.03
2019-04-30,155.172775,162.432251,155.172775,162.166031,6275803460,7.7,2945.83
2019-05-01,162.186554,164.060684,159.660217,160.818344,5789172433,7.4,2923.73
2019-05-02,160.853577,162.937012,160.060699,162.122787,6044171062,7.4,2917.52
2019-05-03,162.075165,170.068741,161.080627,167.952408,7299410672,7.4,2945.64
2019-05-06,163.337982,175.760101,159.98819,172.653214,7540096853,7.4,2932.47
2019-05-07,172.427277,180.394409,169.694717,169.79866,8411140170,7.4,2884.05
2019-05-08,169.904205,172.183548,166.409241,170.948166,6416569598,7.4,2879.42
2019-05-09,170.951874,172.880402,167.247879,170.289307,6546914198,7.4,2870.72
2019-05-10,170.312973,175.885269,168.991425,173.142746,8036919053,7.4,2881.4
2019-05-13,187.417923,205.098267,185.305908,196.846283,10367149039,7.4,2811.87
2019-05-14,196.738281,217.874649,196.05481,217.148575,12751049755,7.4,2834.41
2019-05-15,217.010117,247.446594,216.822113,247.153061,13460006534,7.4,2850.96
2019-05-16,246.941956,275.39444,245.795288,264.01001,18661465873,7.4,2876.32
2019-05-17,263.848358,266.979614,227.767426,243.764587,16037551694,7.4,2859.53
2019-05-20,261.267487,261.55127,241.80365,251.86441,10834541285,7.4,2840.23
2019-05-21,251.647842,262.107544,248.196304,255.215881,11545049593,7.4,2864.36
2019-05-22,254.995316,258.801849,242.730484,244.698914,9818257463,7.4,2856.27
2019-05-23,244.665115,247.616638,233.793091,245.965668,10671663487,7.4,2822.24
2019-05-24,245.987091,255.259338,243.240097,249.484985,9929433206,7.4,2826.06
2019-05-28,272.590485,274.320831,267.514374,271.768707,10362846898,7.4,2802.39
2019-05-29,271.779053,273.756287,263.0914,269.455688,9819132174,7.4,2783.02
2019-05-30,269.55188,287.20163,247.348602,255.858948,13604268584,7.4,2788.86
2019-05-31,256.015259,268.659943,249.111847,268.113556,11255023515,7.4,2752.06
2019-06-03,270.088562,270.334106,251.262192,252.607925,9375712917,7.2,2744.45
2019-06-04,252.511642,252.511642,236.127213,241.338791,10132549747,7.2,2803.27
2019-06-05,241.49704,248.138138,239.983459,247.05101,8548917062,7.2,2826.15
2019-06-06,246.925247,249.944504,238.501114,249.474335,8265146806,7.2,2843.49
2019-06-07,249.335281,254.352295,246.5979,250.930359,8379534528,7.2,2873.34
2019-06-10,232.830139,247.66217,229.341766,247.520126,8141159848,7.2,2886.73
2019-06-11,247.862122,248.662582,239.825348,245.78183,7382269700,7.2,2885.72
2019-06-12,245.925491,261.017578,244.491318,260.90329,8645598618,7.2,2879.84
2019-06-13,260.913513,262.163116,255.596283,256.168793,8442077836,7.2,2891.64
2019-06-14,256.179657,265.371399,254.14743,264.087463,8676891267,7.2,2886.98
2019-06-17,269.090576,275.442566,268.35379,274.351105,6009795781,7.2,2889.67
2019-06-18,274.320251,274.320251,263.14444,265.051849,6205242504,7.2,2917.75
2019-06-19,265.056854,270.333374,264.754791,269.431793,5516510947,7.2,2926.46
2019-06-20,269.407867,274.073517,265.500458,271.695007,6408981097,7.2,2954.18
2019-06-21,271.743103,295.303314,271.743103,294.910278,9331694140,7.2,2950.46
2019-06-24,307.722137,312.329346,299.55954,310.424683,8205712062,7.2,2945.35
2019-06-25,310.678619,318.126312,307.643158,318.126312,9641764965,7.2,2917.38
2019-06-26,317.992584,361.398682,315.954865,336.753174,16437084081,7.2,2913.78
2019-06-27,336.9599,343.433441,278.573242,294.267639,14038092503,7.2,2924.92
2019-06-28,294.143036,313.031555,292.939819,311.226105,11514656820,7.2,2941.76
2019-07-01,290.268494,301.026154,280.022827,293.641113,10292223948,7.0,2964.33
2019-07-02,293.537262,295.655853,272.60257,291.596436,10618413952,7.0,2973.01
2019-07-03,291.764618,303.342041,291.401642,303.099976,9926711979,7.0,2995.82
2019-07-05,284.38092,293.921143,282.694702,287.997528,8723493015,7.0,2990.41
2019-07-08,305.734772,314.267883,303.500458,313.251404,9078905628,7.0,2975.95
2019-07-09,313.325165,318.223114,305.285828,308.881012,10055159803,7.0,2979.63
2019-07-10,308.851288,313.069458,285.565796,290.002319,11679985167,7.0,2993.07
2019-07-11,289.945984,290.021057,266.094666,268.704041,10216287022,7.0,2999.91
2019-07-12,268.692261,278.855591,268.000031,276.276703,8148936015,7.0,3013.77
2019-07-15,227.965057,235.02565,210.391266,229.776001,9723674244,7.0,3014.3
2019-07-16,229.748657,234.51384,197.377899,199.188675,9036620494,7.0,3004.04
2019-07-17,199.066788,217.975632,193.990417,211.48497,9387747640,7.0,2984.42
2019-07-18,211.444611,229.239395,208.037735,226.566162,9327816059,7.0,2995.11
2019-07-19,226.6577,226.940475,215.838242,221.33342,7606433131,7.0,2976.61
2019-07-22,225.698654,226.862579,213.44838,217.560013,6338843919,7.0,2985.03
2019-07-23,217.568466,218.518051,209.638123,212.728516,6976091534,7.0,3005.47
2019-07-24,212.553818,217.535431,203.893402,217.046371,7168982843,7.0,3019.56
2019-07-25,216.969116,224.254196,216.135147,219.617996,6731281160,7.0,3003.67
2019-07-26,219.628128,220.236389,214.125687,219.629608,5729852178,7.0,3025.86
2019-07-29,211.123657,213.932053,208.764313,211.268051,5485190664,7.0,3020.97
2019-07-30,211.339203,213.614075,206.867615,210.522598,5489918859,7.0,3013.18
2019-07-31,210.492416,218.654144,210.437912,218.654144,6003828340,7.0,2980.38
2019-08-01,218.554596,218.812653,212.914505,217.808441,5965442642,7.2,2953.56
2019-08-02,217.88446,222.182571,215.97583,217.871567,6159440229,7.2,2932.05
2019-08-05,222.650879,235.635284,222.603882,234.215027,7765060287,7.2,2844.74
2019-08-06,234.24559,239.115906,223.551178,226.020645,7647742672,7.2,2881.77
2019-08-07,225.925293,229.65657,222.775452,226.391006,7020342210,7.2,2883.98
2019-08-08,226.518478,226.774719,216.516251,220.941864,6713525644,7.2,2938.09
2019-08-09,220.908646,221.364334,208.245972,210.488907,6964818795,7.2,2918.65
2019-08-12,216.055908,216.142563,210.946487,211.288071,5674315559,7.2,2883.09
2019-08-13,211.342697,211.384415,205.422501,208.709045,5946313205,7.2,2926.32
2019-08-14,208.603989,209.066437,186.331924,186.607742,7444456154,7.2,2840.6
2019-08-15,186.683502,189.462158,178.142563,188.50206,8197244441,7.2,2847.6
2019-08-16,188.644257,188.905594,180.384842,185.440079,7133915837,7.2,2888.68
2019-08-19,194.55603,203.56015,193.108246,203.091934,6145148692,7.2,2923.65
2019-08-20,202.813141,203.015991,195.619537,196.565414,6408417610,7.2,2900.51
2019-08-21,196.621689,197.027435,182.689178,186.891632,7775772700,7.2,2924.43
2019-08-22,186.941238,194.415512,183.384521,191.332916,7569043874,7.2,2922.95
2019-08-23,191.106873,195.906494,189.562317,194.706207,6658162377,7.2,2847.11
2019-08-26,186.73555,193.442184,186.73555,188.929382,7207986636,7.2,2878.38
2019-08-27,188.950058,188.963181,185.472931,187.516663,6042327402,7.2,2869.16
2019-08-28,187.495499,187.930878,172.185608,173.889969,6696604087,7.2,2887.94
2019-08-29,173.958694,173.996399,167.170898,169.516739,7129569083,7.2,2924.58
2019-08-30,169.489288,170.773514,167.071411,168.834869,5776520220,7.2,2926.46
2019-09-03,178.357758,182.347992,175.970169,179.499329,6962728938,7.3,2906.27
2019-09-04,179.491989,180.136597,175.325363,175.992889,5938120494,7.3,2937.78
2019-09-05,175.966278,176.16391,171.746826,174.217133,5589476516,7.3,2976.0
2019-09-06,174.172226,177.718704,168.341339,169.956177,6797611878,7.3,2978.71
2019-09-09,181.362488,184.14946,177.419357,181.14946,7232938985,7.3,2978.43
2019-09-10,181.212845,184.063431,178.122421,179.78717,6291476772,7.3,2979.39
2019-09-11,179.839493,181.757462,176.500916,178.725494,7157139035,7.3,3000.93
2019-09-12,178.803772,181.998566,177.847321,181.016098,5838605477,7.3,3009.57
2019-09-13,180.975586,181.498291,178.582047,181.109726,5955041237,7.3,3007.39
2019-09-16,189.689331,198.204971,189.689331,197.113174,8242029488,7.3,2997.96
2019-09-17,197.114761,213.731949,196.715485,208.608749,10232590812,7.3,3005.7
2019-09-18,208.050598,216.711502,208.050598,211.393036,9194634557,7.3,3006.73
2019-09-19,211.247238,222.871689,204.685776,221.280853,10620070913,7.3,3006.79
2019-09-20,221.069626,221.598557,215.159637,218.050049,8027974273,7.3,2992.07
2019-09-23,211.713211,211.840515,201.887238,201.92131,7494673136,7.3,2991.78
2019-09-24,201.842087,203.500549,162.727783,168.110733,11757739233,7.3,2966.6
2019-09-25,168.133575,174.719772,164.913483,170.8927,9766632018,7.3,2984.87
2019-09-26,170.756912,171.692642,157.130325,166.727127,7848286154,7.3,2977.62
2019-09-27,166.651703,175.610779,163.209503,174.710999,7909313625,7.3,2961.79
2019-09-30,170.461349,179.872208,167.036606,179.872208,7552915148,7.3,2976.74
2019-10-01,180.209122,185.045532,175.812653,177.340424,7676276225,7.4,2940.25
2019-10-02,177.22406,180.826126,175.334274,180.71051,6335595250,7.4,2887.61
2019-10-03,180.703705,180.79921,172.599869,175.199341,6381403725,7.4,2910.63
2019-10-04,175.238434,178.552078,173.564087,176.985001,6248928449,7.4,2952.01
2019-10-07,172.940338,182.356354,171.527817,181.18634,7844316834,7.4,2938.79
2019-10-08,181.113358,184.35997,179.133392,182.021561,7466282780,7.4,2893.06
2019-10-09,182.036301,194.300491,180.668442,193.293259,9088122101,7.4,2919.4
2019-10-10,193.191071,193.896927,188.306473,191.659668,8375913276,7.4,2938.13
2019-10-11,191.801071,195.318802,181.661835,182.569687,9128522970,7.4,2970.27
2019-10-14,182.028473,187.303619,181.662277,186.960907,7276520699,7.4,2966.15
2019-10-15,186.977051,187.759872,179.462784,181.406067,7731456579,7.4,2995.68
2019-10-16,181.343735,181.66861,174.064163,176.013504,7691244590,7.4,2989.69
2019-10-17,175.906891,178.899551,174.565826,178.028351,6737237423,7.4,2997.95
2019-10-18,177.988556,178.179794,171.005051,173.621338,7566257807,7.4,2986.2
2019-10-21,175.52475,177.74173,173.28775,174.92099,6815820627,7.4,3006.72
2019-10-22,174.90506,175.650024,172.266235,172.300858,6990951966,7.4,2995.99
2019-10-23,172.262802,172.420578,157.463425,162.402786,9624925919,7.4,3004.52
2019-10-24,162.514114,164.147568,160.887955,162.168549,7300917537,7.4,3010.29
2019-10-25,162.189713,183.000122,161.966019,181.523209,10358594018,7.4,3022.55
2019-10-28,184.397507,187.883163,180.249557,182.662811,10406734124,7.4,3039.42
2019-10-29,182.67038,191.846756,182.364365,190.342575,10622761958,7.4,3036.89
2019-10-30,190.336395,191.111938,181.546371,184.692169,10484902804,7.4,3046.77
2019-10-31,184.797623,188.751266,180.068359,183.966919,9607939606,7.4,3037.56
2019-11-01,183.803696,185.059708,181.094498,183.969894,9145611130,7.5,3066.91
2019-11-04,182.319031,188.022934,181.821609,186.355194,10551917945,7.5,3078.27
2019-11-05,186.309311,191.257828,184.331985,189.304169,10024177342,7.5,3074.62
2019-11-06,189.113495,193.547256,188.667679,191.593842,10156458684,7.5,3076.78
2019-11-07,191.504303,191.861099,186.567001,187.976547,9081247799,7.5,3085.18
2019-11-08,187.924271,188.815979,182.541367,184.211472,9176780911,7.5,3093.08
2019-11-11,189.50293,190.338425,185.086319,185.489639,7877424106,7.5,3087.01
2019-11-12,185.564835,187.948029,184.191055,186.843414,7792186666,7.5,3091.84
2019-11-13,186.942444,189.331879,185.937943,188.258743,7343173596,7.5,3094.04
2019-11-14,188.272507,188.634598,184.992294,185.999634,7872664470,7.5,3096.63
2019-11-15,186.058167,186.251831,179.379562,180.521179,8815678477,7.5,3120.46
2019-11-18,185.041458,186.927155,179.175507,180.559601,7787662111,7.5,3122.03
2019-11-19,180.502457,182.528,175.197113,177.455551,7536699743,7.5,3120.18
2019-11-20,177.415283,178.993149,175.290436,175.698349,7205785149,7.5,3108.46
2019-11-21,175.673599,176.209213,159.365128,161.462723,8546371325,7.5,3103.54
2019-11-22,161.50589,163.028091,142.344101,150.268173,12020749863,7.5,3110.29
2019-11-25,142.697006,150.207962,133.802338,146.476532,10962753356,7.5,3133.64
2019-11-26,146.404312,150.004761,145.216873,148.965073,7648516297,7.5,3140.52
2019-11-27,148.39682,154.887207,143.525604,153.010559,8778095308,7.5,3153.63
2019-11-29,151.7686,156.848404,151.460434,155.304153,7503898278,7.5,3140.98
2019-12-02,151.175476,152.116959,147.606796,149.059158,6670561362,7.3,3113.87
2019-12-03,149.058243,150.310425,146.001678,147.956421,6204379850,7.3,3093.2
2019-12-04,147.918381,150.680817,145.000885,146.747742,7865937094,7.3,3112.76
2019-12-05,146.686493,153.155396,145.459076,149.248993,6745910228,7.3,3117.43
2019-12-06,149.396484,149.670517,147.606522,149.194443,6458766441,7.3,3145.91
2019-12-09,151.224396,151.91394,147.621368,148.225174,6744206747,7.3,3135.96
2019-12-10,148.179855,148.564468,144.907959,146.267044,6859512025,7.3,3132.52
2019-12-11,146.320648,147.139206,143.045364,143.608002,7037180049,7.3,3141.63
2019-12-12,143.615662,145.751648,141.436981,145.604004,7890383413,7.3,3168.57
2019-12-13,145.655685,145.857101,143.746521,144.944748,7264810247,7.3,3168.8
2019-12-16,143.139526,143.224854,132.456665,133.614029,8992282119,7.3,3191.45
2019-12-17,133.647186,134.011536,121.395081,122.603889,9057166141,7.3,3192.52
2019-12-18,122.656837,133.394165,119.78006,133.092194,11864518321,7.3,3191.14
2019-12-19,133.05278,134.190643,125.971664,129.321136,9564699140,7.3,3205.37
2019-12-20,129.384369,129.756302,126.985352,129.066055,8173594150,7.3,3221.22
2019-12-23,132.306992,134.73175,127.416718,128.61409,9622497693,7.3,3224.01
2019-12-24,128.629257,131.672287,127.308769,129.063889,7961819689,7.3,3223.38
2019-12-26,126.486328,130.898346,125.406441,126.361221,8600871980,7.3,3239.91
2019-12-27,126.368797,128.097565,124.820808,127.214607,8299390176,7.3,3240.02
2019-12-30,134.796524,136.757355,131.545563,132.633484,9796951716,7.3,3221.29
2019-12-31,132.612274,133.732681,128.798157,129.610855,8936866397,7.3,3230.78
2020-01-02,130.820038,130.820038,126.95491,127.410179,8032709256,7.8,3257.85
2020-01-03,127.411263,134.554016,126.490021,134.171707,10476845358,7.8,3234.85
2020-01-06,136.305542,144.328186,136.079636,144.304153,9093747121,7.8,3246.28
2020-01-07,144.311996,145.00177,140.488876,143.543991,9257954672,7.8,3237.18
2020-01-08,143.487823,146.828003,138.268204,141.258133,9387194957,7.8,3253.05
2020-01-09,141.155777,141.393982,136.236404,138.979202,7697325348,7.8,3274.7
2020-01-10,138.967041,144.167328,135.520401,143.963776,9084816203,7.8,3265.35
2020-01-13,146.220139,146.791229,142.907135,144.226593,8378529470,7.8,3288.13
2020-01-14,144.251053,167.681549,144.064926,165.955353,16712318373,7.8,3283.15
2020-01-15,165.734619,170.425674,161.109619,166.230682,15173694057,7.8,3289.29
2020-01-16,166.332825,167.058151,159.709641,164.391006,13735193018,7.8,3316.81
2020-01-17,164.48938,173.069214,162.775604,170.779953,14997091826,7.8,3329.62
2020-01-21,167.060471,169.91011,165.819717,169.697159,9789369362,7.8,3320.79
2020-01-22,169.608536,171.008698,166.774231,168.294159,9209827928,7.8,3321.75
2020-01-23,168.2957,168.312241,160.295319,162.928558,10396868698,7.8,3325.54
2020-01-24,162.899368,164.309448,156.749741,163.051178,10657671162,7.8,3295.47
2020-01-27,168.00885,172.922913,166.901093,170.930893,11004476145,7.8,3243.63
2020-01-28,170.884857,176.370316,170.738068,176.370316,11772875064,7.8,3276.24
2020-01-29,176.347885,178.842972,175.050339,175.050339,10725267311,7.8,3273.4
2020-01-30,174.917709,186.260483,172.374634,184.690475,12604789338,7.8,3283.66
2020-01-31,184.736908,185.405838,176.296814,180.160172,11728616394,7.8,3225.52
2020-02-03,188.607407,193.43689,188.012695,189.865067,12392875241,8.3,3248.92
2020-02-04,189.861725,191.111496,185.403625,189.250595,11714191695,8.3,3297.59
2020-02-05,189.299103,206.804001,188.752686,204.23024,14865434435,8.3,3334.69
2020-02-06,204.1297,214.597717,201.904068,212.339081,16425589683,8.3,3345.78
2020-02-07,212.315887,223.14093,212.304199,222.726059,16673443564,8.3,3327.71
2020-02-10,228.549133,229.184616,218.080048,223.522705,16210008511,8.3,3352.09
2020-02-11,223.384933,236.547134,218.617615,235.851196,16964695963,8.3,3357.75
2020-02-12,235.898224,272.398834,235.896271,265.406128,24545049386,8.3,3379.45
2020-02-13,265.052704,273.741058,258.922516,268.099243,25801317504,8.3,3373.94
2020-02-14,268.023285,285.056427,262.762512,284.217499,23558253463,8.3,3380.16
2020-02-18,266.50882,283.196136,261.463898,281.94458,26511477187,8.3,3370.29
2020-02-19,282.036285,283.537933,259.763977,259.763977,22679414413,8.3,3386.15
2020-02-20,259.819855,263.695404,250.951263,257.949463,23229828870,8.3,3373.23
2020-02-21,257.891113,267.004852,255.689087,265.600616,20867593292,8.3,3337.75
2020-02-24,273.705078,275.53952,259.625153,265.216431,22400845640,8.3,3225.89
2020-02-25,265.283386,265.431488,246.858994,247.817596,21878882134,8.3,3128.21
2020-02-26,247.740204,249.649704,221.266556,225.680267,26235617201,8.3,3116.39
2020-02-27,225.687042,237.228928,212.66452,226.753387,25645522790,8.3,2978.76
2020-02-28,226.98761,234.208939,216.346207,226.760498,22563530559,8.3,2954.22
2020-03-02,218.711624,232.811584,217.284286,230.569778,20305587789,13.1,3090.23
2020-03-03,230.523972,232.325806,221.732666,224.47963,19853178572,13.1,3003.37
2020-03-04,224.565338,228.040421,222.088882,224.517975,16567075208,13.1,3130.12
2020-03-05,224.641891,234.364456,224.641891,229.268188,18201291785,13.1,3023.94
2020-03-06,229.168427,243.554977,228.743576,243.525299,19374772256,13.1,2972.37
2020-03-09,201.318497,207.451401,192.269897,201.986328,23645428606,13.1,2746.56
2020-03-10,202.863953,205.714249,198.064499,200.767242,18344930072,13.1,2882.23
2020-03-11,200.768036,202.9543,184.362152,194.86853,16984790291,13.1,2741.38
2020-03-12,194.738922,195.147934,111.210709,112.347122,22134741655,13.1,2480.64
2020-03-13,112.689995,137.429535,95.184303,133.201813,27864623061,13.1,2711.02
2020-03-16,124.996117,124.996117,105.17144,110.605873,15984904590,13.1,2386.13
2020-03-17,110.406784,118.988281,110.406784,113.942749,12087490572,13.1,2529.19
2020-03-18,113.857643,116.021622,111.743111,114.84227,11617854009,13.1,2398.1
2020-03-19,114.839828,140.527725,114.732864,136.593857,16396753275,13.1,2409.39
2020-03-20,136.649277,150.853806,122.605659,132.737167,18960388062,13.1,2304.92
2020-03-23,123.365982,134.911606,121.867882,134.911606,14149877968,13.1,2237.4
2020-03-24,135.194138,141.948532,133.168777,138.761444,14609068673,13.1,2447.33
2020-03-25,138.914963,141.403793,134.30423,136.195892,13433092920,13.1,2475.56
2020-03-26,136.190674,138.830566,134.886032,138.361557,11367261176,13.1,2630.07
2020-03-27,138.369934,139.902695,133.937943,133.937943,11396286629,13.1,2541.47
2020-03-30,125.577896,133.911469,125.28968,132.904541,11841123306,13.1,2626.65
2020-03-31,132.820923,134.274139,131.652893,133.593567,11065246317,13.1,2584.59
2020-04-01,133.61232,135.634552,129.730942,135.634552,12456564435,33.8,2470.5
2020-04-02,135.732178,146.787094,135.732178,142.029144,15322861686,33.8,2526.9
2020-04-03,142.110458,146.899872,139.619385,142.091309,13184603402,33.8,2488.65
2020-04-06,143.608215,169.272644,143.544601,169.13588,21636382525,33.8,2663.68
2020-04-07,169.147446,175.204132,164.203323,165.101944,21659346091,33.8,2659.41
2020-04-08,165.240326,173.210266,164.493195,172.641739,17063110836,33.8,2749.98
2020-04-09,172.761261,172.897781,167.987122,170.807144,14901696210,33.8,2789.82
2020-04-13,160.720673,160.749695,151.614487,156.279556,16465282133,33.8,2761.63
2020-04-14,156.355957,160.944275,155.865936,157.59639,14723156630,33.8,2846.06
2020-04-15,157.565643,160.711121,152.802841,153.286896,14171753737,33.8,2783.36
2020-04-16,153.200424,173.157272,150.359421,172.157379,22910469236,33.8,2799.55
2020-04-17,172.279419,174.275909,169.751572,171.63858,16714684266,33.8,2874.56
2020-04-20,181.480225,186.083542,170.321274,172.297165,21266681335,33.8,2823.16
2020-04-21,172.017715,175.178467,170.552841,172.737701,16458767984,33.8,2736.56
2020-04-22,172.670395,183.751007,171.826599,182.599579,17994666395,33.8,2799.31
2020-04-23,182.620178,189.088867,180.340652,185.028671,21275740032,33.8,2797.8
2020-04-24,185.222107,190.210388,185.222107,189.236938,16788555028,33.8,2836.74
2020-04-27,197.475723,199.552795,193.454163,197.224716,18670194595,33.8,2878.48
2020-04-28,197.273514,198.786545,194.849426,198.41539,18217507467,33.8,2863.39
2020-04-29,198.465195,218.454636,198.124512,216.968231,26397548759,33.8,2939.51
2020-04-30,216.909134,227.529694,206.43692,207.602051,28089191904,33.8,2912.43
2020-05-01,207.901733,217.628021,207.780884,214.219101,20816320834,24.8,2830.71
2020-05-04,210.890854,211.828384,199.047729,208.174011,22602446422,24.8,2842.74
2020-05-05,208.013,211.778625,204.031128,206.774399,19004689099,24.8,2868.44
2020-05-06,206.481354,211.534622,204.040878,204.055786,20343543799,24.8,2848.42
2020-05-07,203.912857,214.392471,202.074844,212.289413,23594744655,24.8,2881.19
2020-05-08,212.198242,216.327682,208.830734,212.991577,20445139356,24.8,2929.8
2020-05-11,188.632187,191.362335,180.718338,185.912842,20054601647,24.8,2930.32
2020-05-12,185.877335,191.601349,185.701797,189.3125,15899726284,24.8,2870.12
2020-05-13,189.3741,200.197327,189.127701,199.193283,17054662289,24.8,2820.0
2020-05-14,198.89151,204.117599,196.86882,202.949097,20150524861,24.8,2852.5
2020-05-15,202.955399,203.566391,193.755676,195.622665,16602342092,24.8,2863.7
2020-05-18,207.179779,215.908463,207.10907,214.525055,17411566928,24.8,2953.91
2020-05-19,214.604935,214.604935,210.143051,213.451111,14346192779,24.8,2922.94
2020-05-20,213.446243,214.716827,207.975815,210.096741,12730175511,24.8,2971.61
2020-05-21,210.12915,211.625183,193.346436,199.883606,13308321229,24.8,2948.51
2020-05-22,199.837112,208.591537,198.040863,207.169189,12041592114,24.8,2955.45
2020-05-26,205.259567,205.752548,200.264282,201.902313,10159741290,24.8,2991.77
2020-05-27,201.893005,208.863434,201.785065,208.863434,10631034756,24.8,3036.13
2020-05-28,208.885437,220.276505,206.242661,219.840424,12212469604,24.8,3029.73
2020-05-29,219.925049,224.216873,218.238052,220.675125,12265816557,24.8,3044.31
2020-06-01,230.86026,248.236282,230.488052,246.99176,13951727936,19.3,3055.73
2020-06-02,246.828186,252.222,233.225296,237.219055,13782107567,19.3,3080.82
2020-06-03,237.395218,244.179321,235.464447,244.179321,9861760817,19.3,3122.87
2020-06-04,244.105286,245.92897,236.765305,244.426392,10170414304,19.3,3112.35
2020-06-05,244.349594,247.329498,240.682053,241.221985,9293963914,19.3,3193.93
2020-06-08,245.178574,246.644196,241.542191,246.309906,8076783299,19.3,3232.39
2020-06-09,246.175018,248.342438,242.338547,244.911453,8446545788,19.3,3207.18
2020-06-10,244.822067,248.651154,242.819748,247.444946,8792990206,19.3,3190.14
2020-06-11,247.548538,249.888306,229.942978,231.702667,12356528860,19.3,3002.1
2020-06-12,231.625458,239.354691,229.645065,237.49321,8868955009,19.3,3041.31
2020-06-15,234.058304,234.237839,221.24176,229.928909,10536099884,19.3,3066.59
2020-06-16,229.762299,236.394302,228.426147,234.416168,7965648016,19.3,3124.74
2020-06-17,234.492371,235.954056,229.341644,233.028275,7701391592,19.3,3113.49
2020-06-18,232.898697,234.570648,228.951431,232.101166,6713800872,19.3,3115.34
2020-06-19,231.954971,232.154114,226.795181,227.13829,6946372590,19.3,3097.74
2020-06-22,229.003372,243.776016,228.934738,242.533188,9079586552,19.3,3117.86
2020-06-23,242.537018,244.86441,239.759735,244.142151,6624530348,19.3,3131.29
2020-06-24,244.185928,248.508026,232.807739,235.772461,8815030025,19.3,3050.33
2020-06-25,235.70285,236.053406,230.2966,232.944489,7010426122,19.3,3083.76
2020-06-26,232.877487,233.901932,229.25946,229.668045,7187490226,19.3,3009.05
2020-06-29,225.361435,229.903214,222.25499,228.19487,6726164653,19.3,3053.24
2020-06-30,227.96843,229.476807,224.815186,226.315002,6094093001,19.3,3100.29
2020-07-01,226.134583,232.756119,224.835739,231.113419,6463737443,18.7,3115.86
2020-07-02,231.28891,232.396881,225.46196,229.392197,6212210566,18.7,3130.01
2020-07-06,227.685013,242.132706,227.029526,241.510223,8782917553,18.7,3179.72
2020-07-07,240.972595,242.681854,234.218658,239.075531,6441497597,18.7,3145.32
2020-07-08,239.159973,248.308868,238.398376,246.670013,9892586411,18.7,3169.94
2020-07-09,246.748291,247.291672,239.898651,243.015961,8429099199,18.7,3152.05
2020-07-10,242.868011,242.883789,236.73053,240.984985,7281370522,18.7,3185.04
2020-07-13,242.18187,244.310516,238.232376,239.604584,7787751468,18.7,3155.22
2020-07-14,239.975616,242.003784,237.796188,240.211487,7357458555,18.7,3197.52
2020-07-15,240.143646,241.402695,237.096176,238.423523,6189328448,18.7,3226.56
2020-07-16,238.450912,239.006256,231.62117,233.640884,5832057567,18.7,3215.57
2020-07-17,233.691391,234.41507,232.10997,232.773087,5859850529,18.7,3224.73
2020-07-20,238.494873,239.576248,234.852646,236.153168,5600686192,18.7,3251.84
2020-07-21,236.302505,246.186264,235.680969,245.016724,6806696015,18.7,3257.3
2020-07-22,245.037262,262.985046,242.484344,262.190643,7702077383,18.7,3276.02
2020-07-23,262.388641,277.583466,261.047089,274.689056,10281309262,18.7,3235.66
2020-07-24,274.722687,286.192841,269.239777,279.215424,9466060358,18.7,3215.63
2020-07-27,309.657928,330.701202,309.657928,321.514099,15644257058,18.7,3239.41
2020-07-28,321.829742,325.905975,307.721344,316.657257,12357108065,18.7,3218.44
2020-07-29,316.555359,324.380798,313.109589,318.190887,10878845706,18.7,3258.44
2020-07-30,318.144989,338.631195,315.751099,334.586639,11827689045,18.7,3246.22
2020-07-31,334.633728,348.611359,329.340942,345.554657,12030600492,18.7,3271.12
2020-08-03,371.13385,396.506989,369.336334,386.295166,12834648062,15.0,3294.61
2020-08-04,386.156464,400.700623,382.985107,389.875488,14086704221,15.0,3306.51
2020-08-05,389.710815,406.303955,386.218475,401.590576,12875466638,15.0,3327.77
2020-08-06,401.583862,403.488678,392.600189,394.961945,11304626458,15.0,3349.16
2020-08-07,395.226868,398.249023,367.935516,379.512848,12751687084,15.0,3351.28
2020-08-10,391.041504,399.375946,391.041504,395.887573,11685827893,15.0,3360.47
2020-08-11,395.894714,398.478912,370.860626,380.384064,12792218737,15.0,3333.69
2020-08-12,380.063812,391.312317,367.923615,391.02417,12408772745,15.0,3380.35
2020-08-13,390.838104,432.904602,379.710876,428.741791,18480303526,15.0,3373.43
2020-08-14,428.677277,444.577759,423.345856,437.397827,15064589987,15.0,3372.85
2020-08-17,433.973755,442.734985,422.647278,429.53125,13227089410,15.0,3381.99
2020-08-18,429.669617,432.580292,419.674103,423.669312,11978984079,15.0,3389.78
2020-08-19,423.738586,427.024658,396.678345,406.463776,13137391167,15.0,3374.85
2020-08-20,406.758911,418.734436,404.026093,416.439789,10043032427,15.0,3385.51
2020-08-21,416.148773,418.63797,387.441132,389.126343,11781796374,15.0,3397.16
2020-08-24,391.678986,409.38858,389.314606,408.144196,10328860398,15.0,3431.28
2020-08-25,408.071686,408.527924,374.355377,384.001038,12428442042,15.0,3443.62
2020-08-26,383.977448,391.87326,378.705841,386.466125,9967343483,15.0,3478.73
2020-08-27,386.609863,395.349182,374.866486,382.632629,10457777652,15.0,3484.55
2020-08-28,382.629578,397.757629,381.273834,395.874664,9120674421,15.0,3508.01
2020-08-31,428.509003,438.560333,419.770172,435.079742,12774741797,15.0,3500.31
2020-09-01,434.874451,487.211884,432.079193,477.05191,18862763756,14.3,3526.65
2020-09-02,477.007874,480.330994,424.460022,440.040497,19691854014,14.3,3580.84
2020-09-03,440.23999,449.532471,381.1297,385.671936,19622845896,14.3,3455.06
2020-09-04,384.671631,402.411743,371.636688,388.24115,16747106257,14.3,3426.96
2020-09-08,353.202271,355.562866,328.816772,337.602112,17991403432,14.3,3331.84
2020-09-09,337.824921,359.16449,332.165009,351.110016,14547933520,14.3,3398.96
2020-09-10,351.429321,377.393585,351.111755,368.101898,31421134556,14.3,3339.19
2020-09-11,368.1185,376.630402,355.582581,374.695587,27296269329,14.3,3340.97
2020-09-14,365.699585,384.485199,357.569763,377.26886,17536695361,14.3,3383.54
2020-09-15,377.154022,381.508301,363.606812,364.839203,16140584321,14.3,3401.2
2020-09-16,364.743988,372.767426,356.682739,365.812286,16107612177,14.3,3385.49
2020-09-17,365.865784,393.901611,364.795135,389.019226,19899531080,14.3,3357.01
2020-09-18,389.337494,391.904144,376.964996,384.364532,14108357740,14.3,3319.47
2020-09-21,371.400146,375.73703,336.06897,341.786072,17398267133,14.3,3281.06
2020-09-22,341.723816,346.60083,336.855042,344.503174,12732578043,14.3,3315.57
2020-09-23,344.589905,344.671387,318.969208,321.116302,12899346599,14.3,3236.92
2020-09-24,320.985016,351.461487,318.545105,349.355591,15714304470,14.3,3246.59
2020-09-25,349.411438,357.772736,339.01593,352.183258,14381086966,14.3,3298.46
2020-09-28,357.925934,366.432159,354.547638,355.159424,14258455166,14.3,3351.6
2020-09-29,354.363007,360.353363,352.146851,359.757385,11600013236,14.3,3335.47
2020-09-30,360.038513,361.178772,353.327942,359.937866,11818610610,14.3,3363.0
2020-10-01,360.309143,369.264404,346.477051,353.205902,14679481911,13.6,3380.8
2020-10-02,352.949677,354.115417,336.467163,346.238922,14215390463,13.6,3348.44
2020-10-05,352.736816,355.214081,349.679901,353.956787,11809507622,13.6,3408.63
2020-10-06,353.956482,354.989014,338.003296,340.815857,12830796112,13.6,3360.95
2020-10-07,340.943085,342.450836,334.545563,341.808655,11929918060,13.6,3419.45
2020-10-08,342.044647,352.211487,335.647491,350.766144,13461017711,13.6,3446.83
2020-10-09,351.112885,368.310333,348.205841,365.590485,13043501763,13.6,3477.13
2020-10-12,374.798737,395.122162,366.642334,387.731262,15867455424,13.6,3534.22
2020-10-13,387.142944,387.375671,375.582458,381.190765,14226744838,13.6,3511.93
2020-10-14,381.971466,387.296173,374.175018,379.484039,13918846567,13.6,3488.67
2020-10-15,379.19223,381.208771,371.354126,377.441833,14964182545,13.6,3483.34
2020-10-16,377.8685,380.021515,362.597412,366.229004,14670784817,13.6,3483.81
2020-10-19,378.469635,383.317657,373.702271,379.935608,12811242092,13.6,3426.92
2020-10-20,379.719696,380.761017,367.601074,369.136902,13741586582,13.6,3443.12
2020-10-21,369.059418,400.627258,368.727966,392.189972,20241324322,13.6,3435.56
2020-10-22,391.488617,420.141663,391.276306,413.77298,15772846485,13.6,3453.49
2020-10-23,414.051331,418.95993,403.082031,409.766693,14256222052,13.6,3465.39
2020-10-26,406.217987,411.279877,383.782898,393.888306,15155684229,13.6,3400.97
2020-10-27,393.888184,409.772858,390.608459,403.99704,13940434102,13.6,3390.68
2020-10-28,403.997101,408.964752,381.146332,388.650757,15276441134,13.6,3271.03
2020-10-29,388.651062,393.227692,381.288757,386.730103,12920477749,13.6,3310.11
2020-10-30,386.730255,391.464722,375.092407,382.819977,13688056970,13.6,3269.96
2020-11-02,396.355988,403.240753,381.017639,383.156738,13997574252,13.0,3310.24
2020-11-03,383.156036,389.515381,371.312744,387.602173,12588494762,13.0,3369.02
2020-11-04,387.60321,407.665649,377.827606,402.141998,15126077675,13.0,3443.44
2020-11-05,402.142944,417.52594,397.245819,414.067352,15440711038,13.0,3510.45
2020-11-06,414.066711,456.200623,412.9823,454.719299,16738305610,13.0,3509.44
2020-11-09,453.574158,457.349609,435.163879,444.163055,13704320630,13.0,3550.5
2020-11-10,444.166382,453.758362,439.600128,449.679626,12090381666,13.0,3545.53
2020-11-11,449.679657,473.578857,449.524933,462.960541,14075403511,13.0,3572.66
2020-11-12,462.959534,467.677826,452.072418,461.00528,12877327234,13.0,3537.01
2020-11-13,461.005493,475.217255,457.298248,474.626434,13191505725,13.0,3585.15
2020-11-16,447.55899,463.831024,445.501617,459.940308,11441239444,13.0,3626.91
2020-11-17,464.406647,482.232208,460.776611,480.360077,14593057877,13.0,3609.53
2020-11-18,480.346832,491.999908,465.830963,479.48407,17880199224,13.0,3567.79
2020-11-19,479.481018,480.121735,465.704254,471.630432,12473929218,13.0,3581.87
2020-11-20,471.63147,513.610352,471.63147,509.744568,18629943296,13.0,3557.54
2020-11-23,558.059509,609.98761,551.265259,608.454041,27272302872,13.0,3577.59
2020-11-24,608.522766,621.173401,593.835144,603.897766,23281758100,13.0,3635.41
2020-11-25,603.902039,605.094177,559.671387,570.686646,20088492893,13.0,3629.65
2020-11-27,519.108093,530.777161,497.242615,517.493713,16831105703,13.0,3638.35
2020-11-30,575.75708,615.24054,571.537781,614.842529,20276867833,13.0,3621.63
2020-12-01,615.070313,635.160583,571.753967,587.324158,27178964465,14.0,3662.45
2020-12-02,587.261597,604.022461,578.741028,598.352356,16883292129,14.0,3669.01
2020-12-03,598.459229,622.452698,588.346375,616.70874,16146190946,14.0,3666.72
2020-12-04,616.722778,618.983154,569.283508,569.354187,16337589997,14.0,3699.12
2020-12-07,601.797119,602.917908,585.42865,591.843384,10720480962,14.0,3691.96
2020-12-08,591.900818,594.751587,552.469238,554.827759,14398919320,14.0,3702.25
2020-12-09,554.792908,577.288391,532.998413,573.479126,15855915840,14.0,3672.82
2020-12-10,573.504028,574.600159,549.784058,559.678528,11672582040,14.0,3668.1
2020-12-11,559.679199,560.376709,537.811646,545.797363,11098819124,14.0,3663.46
2020-12-14,589.782471,590.492981,577.118408,586.011169,8125837102,14.0,3647.49
2020-12-15,586.02179,596.247742,580.628784,589.355591,9326645840,14.0,3694.62
2020-12-16,589.378662,636.64032,582.039124,636.181824,15817248373,14.0,3701.17
2020-12-17,636.154175,673.834229,628.74939,642.868958,25479532147,14.0,3722.48
2020-12-18,642.916992,662.699097,632.356079,654.811951,15756303983,14.0,3709.41
2020-12-21,638.315186,646.846558,600.83606,609.817871,14419493621,14.0,3694.92
2020-12-22,609.420532,635.076599,589.552002,634.854187,14745890080,14.0,3687.26
2020-12-23,634.824585,637.122803,560.364258,583.7146,15261413038,14.0,3690.01
2020-12-24,584.13562,613.815186,568.596375,611.607178,14317413703,14.0,3703.06
2020-12-28,683.205811,745.877747,683.205811,730.397339,24222565862,14.0,3735.36
2020-12-29,730.358704,737.952881,692.149414,731.520142,18710683199,14.0,3727.04
2020-12-30,731.472839,754.303223,720.988892,751.618958,17294574210,14.0,3732.04
2020-12-31,751.626648,754.299438,726.511902,737.803406,13926846861,14.0,3756.07
2021-01-04,977.058838,1153.189209,912.305359,1040.233032,56945985763,19.9,3700.65
2021-01-05,1041.498779,1129.37146,986.811279,1100.006104,41535932781,19.9,3726.86
2021-01-06,1101.005005,1209.428589,1064.233398,1207.112183,44699914188,19.9,3748.14
2021-01-07,1208.078369,1282.57959,1167.443115,1225.678101,40468027280,19.9,3803.79
2021-01-08,1225.967896,1273.827515,1076.081543,1224.197144,44334826666,19.9,3824.68
2021-01-11,1261.622925,1261.622925,924.922607,1090.145386,60733630300,19.9,3799.61
2021-01-12,1088.526733,1149.240234,1012.76416,1043.43457,37494601692,19.9,3801.19
2021-01-13,1043.740967,1134.338501,994.549072,1130.73938,30109792795,19.9,3809.84
2021-01-14,1130.231201,1244.163086,1093.060791,1218.453003,33410915929,19.9,3795.54
2021-01-15,1221.877197,1250.505859,1090.721069,1171.834595,35972039310,19.9,3768.25
2021-01-19,1257.43457,1432.300049,1254.522949,1377.295898,47195935190,19.9,3798.91
2021-01-20,1375.248413,1405.744141,1243.299927,1382.274048,46784030909,19.9,3851.85
2021-01-21,1382.684448,1382.684448,1098.476196,1121.570923,45932464754,19.9,3853.07
2021-01-22,1118.889038,1271.687622,1046.596558,1236.512207,43918338506,19.9,3841.47
2021-01-25,1390.639893,1467.784912,1304.973999,1324.414795,43565777745,19.9,3855.36
2021-01-26,1323.741699,1376.085083,1253.340332,1357.058105,41572917750,19.9,3849.62
2021-01-27,1358.333374,1368.074097,1215.311279,1253.187134,39394416990,19.9,3750.77
2021-01-28,1251.279785,1356.288696,1226.17395,1332.492188,34637234789,19.9,3787.38
2021-01-29,1369.086792,1428.981201,1292.240112,1382.522827,53611955259,19.9,3714.24
2021-02-01,1314.855225,1373.845825,1274.357788,1369.040527,29210670920,13.5,3773.86
2021-02-02,1369.505127,1542.990967,1362.77124,1515.193726,45437142801,13.5,3826.31
2021-02-03,1514.769653,1660.909546,1510.010254,1660.909546,41874566399,13.5,3830.17
2021-02-04,1661.170166,1689.186646,1561.853516,1594.762695,44396871836,13.5,3871.74
2021-02-05,1594.793335,1756.510986,1594.793335,1718.650879,40108628454,13.5,3886.83
2021-02-08,1613.642212,1770.59082,1571.579956,1746.616821,48012285956,13.5,3915.59
2021-02-09,1746.926147,1815.963623,1711.620605,1768.035034,44180727529,13.5,3911.23
2021-02-10,1768.039795,1826.696777,1686.542358,1744.243408,41916084617,13.5,3909.88
2021-02-11,1743.714233,1806.539063,1708.679199,1783.797974,36021495262,13.5,3916.38
2021-02-12,1783.489136,1861.356934,1744.168945,1843.532593,37905036865,13.5,3934.83
2021-02-16,1778.945557,1824.518677,1729.641968,1781.067505,34269369268,13.5,3932.59
2021-02-17,1781.350098,1853.667603,1736.705811,1848.458252,35955412703,13.5,3931.33
2021-02-18,1848.206299,1949.903442,1848.206299,1937.449219,28255902969,13.5,3913.97
2021-02-19,1938.859863,1969.546997,1896.684448,1960.164795,26268814253,13.5,3906.71
2021-02-22,1935.557861,1936.453735,1580.626587,1781.99292,42409646036,13.5,3876.5
2021-02-23,1781.409058,1781.409058,1378.840942,1570.203979,52029864713,13.5,3881.37
2021-02-24,1571.47644,1710.983765,1511.018921,1626.575684,31329000537,13.5,3925.43
2021-02-25,1625.393921,1670.224121,1465.05896,1475.703735,24481681873,13.5,3829.34
2021-02-26,1478.65332,1559.028931,1407.979248,1446.033691,31435997881,13.5,3811.15
2021-03-01,1417.151123,1567.69458,1416.416138,1564.707642,24032838645,26.6,3901.82
2021-03-02,1564.063477,1597.610107,1461.325439,1492.608765,22523669722,26.6,3870.29
2021-03-03,1491.451172,1650.360596,1481.905762,1575.853149,22674780680,26.6,3819.72
2021-03-04,1574.623779,1622.953857,1511.103394,1541.914307,22906118718,26.6,3768.47
2021-03-05,1541.541748,1547.878174,1450.891357,1533.275024,21067146937,26.6,3841.94
2021-03-08,1724.229248,1835.192139,1670.942017,1834.727905,27630991158,26.6,3821.35
2021-03-09,1835.148071,1868.048828,1804.266357,1868.048828,23461244507,26.6,3875.44
2021-03-10,1868.489014,1873.803223,1766.490479,1799.16626,25154173185,26.6,3898.81
2021-03-11,1798.033936,1843.818848,1734.617065,1826.194946,24013132909,26.6,3939.34
2021-03-12,1826.546753,1839.497314,1728.980957,1772.102417,22435821312,26.6,3943.34
2021-03-15,1854.08667,1889.196655,1749.606323,1791.702271,26244738810,26.6,3968.94
2021-03-16,1792.413818,1817.060181,1720.053223,1806.971802,23828509590,26.6,3962.71
2021-03-17,1807.056152,1839.81897,1749.179932,1823.449341,24512917348,26.6,3974.12
2021-03-18,1823.158447,1848.646118,1705.716064,1782.855103,23263845504,26.6,3915.46
2021-03-19,1782.568726,1841.196045,1746.473389,1817.624146,21249297710,26.6,3913.1
2021-03-22,1788.362183,1811.968262,1674.299805,1691.333984,23599296129,26.6,3940.59
2021-03-23,1690.871826,1725.108765,1662.539917,1678.650146,21998237965,26.6,3910.52
2021-03-24,1678.002563,1740.428223,1570.787964,1593.413452,31228051473,26.6,3889.14
2021-03-25,1593.123291,1625.911499,1560.370483,1595.359253,29650328701,26.6,3909.52
2021-03-26,1595.210083,1702.922852,1594.736694,1702.842041,22548516548,26.6,3974.54
2021-03-29,1691.263184,1837.187988,1683.716553,1819.684937,22796570548,26.6,3971.09
2021-03-30,1819.466309,1860.974731,1793.922363,1846.033691,22512781703,26.6,3958.55
2021-03-31,1846.098267,1947.837769,1793.002197,1918.362061,30226902621,26.6,3972.89
2021-04-01,1919.157227,1989.055054,1912.178467,1977.276855,30914259795,12.6,4019.87
2021-04-05,2093.260742,2140.985352,2032.387695,2107.887207,28889391170,12.6,4077.91
2021-04-06,2109.493164,2151.223389,2057.609131,2118.378906,29222865881,12.6,4073.94
2021-04-07,2117.728516,2133.1875,1945.442139,1971.077271,36116271935,12.6,4079.95
2021-04-08,1969.133179,2091.516357,1959.079468,2088.57373,25312956529,12.6,4097.17
2021-04-09,2088.772217,2102.873779,2055.16333,2072.108887,19812472092,12.6,4128.8
2021-04-12,2157.361816,2199.71875,2110.368896,2139.353271,21727936609,12.6,4127.99
2021-04-13,2139.364258,2318.42334,2138.55957,2299.187744,29456642939,12.6,4141.59
2021-04-14,2299.3479,2449.6875,2284.563721,2435.10498,35592822986,12.6,4124.66
2021-04-15,2436.034668,2544.267334,2409.924072,2519.116211,32325606817,12.6,4170.42
2021-04-16,2516.601807,2547.555664,2318.675049,2431.946533,36196928256,12.6,4185.47
2021-04-19,2238.032715,2276.776855,2086.688721,2166.188721,34060654971,12.6,4163.26
2021-04-20,2161.939453,2345.834961,2060.143799,2330.210938,39433483315,12.6,4134.94
2021-04-21,2331.160156,2467.200684,2238.366943,2364.751709,38899067643,12.6,4173.42
2021-04-22,2357.871094,2641.094971,2315.960205,2403.535156,53575904724,12.6,4134.98
2021-04-23,2401.256348,2439.537109,2117.039551,2363.586182,55413933925,12.6,4180.17
2021-04-26,2319.478027,2536.337402,2308.315186,2534.481689,35208325408,12.6,4187.62
2021-04-27,2534.03125,2676.392822,2485.375,2662.865234,32275969215,12.6,4186.72
2021-04-28,2664.685547,2757.477295,2564.081543,2746.380127,34269031076,12.6,4183.18
2021-04-29,2748.649658,2797.972412,2672.106689,2756.876953,32578127990,12.6,4211.47
2021-04-30,2757.734131,2796.054932,2728.169922,2773.207031,29777179889,12.6,4181.17
2021-05-03,2951.175781,3450.037842,2951.175781,3431.086182,49174290212,10.4,4192.66
2021-05-04,3431.131592,3523.585938,3180.742676,3253.629395,62402045158,10.4,4164.66
2021-05-05,3240.554688,3541.462646,3213.101563,3522.783203,48334198383,10.4,4167.59
2021-05-06,3524.930908,3598.895996,3386.23999,3490.880371,44300394788,10.4,4201.62
2021-05-07,3490.105225,3573.290039,3370.261963,3484.729004,39607240515,10.4,4232.6
2021-05-10,3924.41333,4197.473145,3684.45166,3952.293945,62691789007,10.4,4188.43
2021-05-11,3948.271973,4178.208984,3783.889404,4168.701172,52679737865,10.4,4152.1
2021-05-12,4174.635742,4362.350586,3785.848633,3785.848633,69023382175,10.4,4063.04
2021-05-13,3828.918457,4032.563477,3549.407227,3715.148438,78398214539,10.4,4112.5
2021-05-14,3720.122314,4171.01709,3703.399902,4079.057373,48174271215,10.4,4173.85
2021-05-17,3581.343018,3587.765625,3129.008789,3282.397705,54061732774,10.4,4163.29
2021-05-18,3276.872314,3562.465088,3246.404053,3380.070068,40416525218,10.4,4127.83
2021-05-19,3382.657227,3437.935791,1952.460205,2460.679199,84482912776,10.4,4115.68
2021-05-20,2439.638672,2993.145264,2170.229004,2784.294189,67610826680,10.4,4159.12
2021-05-21,2772.341309,2938.205078,2113.347168,2430.621338,53774070802,10.4,4155.86
2021-05-24,2099.936035,2672.595703,2090.639648,2643.591064,53697121740,10.4,4197.05
2021-05-25,2649.033203,2750.534912,2394.355469,2706.628906,49558333256,10.4,4188.13
2021-05-26,2707.052734,2911.735596,2652.094482,2888.69873,42499766020,10.4,4195.99
2021-05-27,2888.752441,2888.752441,2642.60791,2736.488525,33373635283,10.4,4200.88
2021-05-28,2742.468994,2761.363281,2336.361328,2419.90625,39999114805,10.4,4204.11
2021-06-01,2707.560547,2739.737549,2531.160645,2633.518311,27363223090,9.5,4202.04
2021-06-02,2634.456055,2801.392334,2555.401367,2706.125,27723267359,9.5,4208.12
2021-06-03,2708.376221,2891.254883,2667.684326,2855.126465,30038207402,9.5,4192.85
2021-06-04,2857.165527,2857.165527,2562.637451,2688.195068,34173841611,9.5,4229.89
2021-06-07,2713.047363,2845.185059,2583.995117,2590.263184,30600111277,9.5,4226.52
2021-06-08,2594.602295,2620.846191,2315.546631,2517.438721,41909736778,9.5,4227.26
2021-06-09,2510.199219,2625.070557,2412.197754,2608.26709,36075832186,9.5,4219.55
2021-06-10,2611.142578,2619.957764,2435.401611,2471.518555,28753626390,9.5,4239.18
2021-06-11,2472.858887,2495.414795,2326.869629,2353.768799,24832564195,9.5,4247.44
2021-06-14,2508.770508,2606.432861,2469.388184,2537.891113,26964576331,9.5,4255.15
2021-06-15,2587.762695,2639.229248,2515.153076,2610.936768,29005279219,9.5,4246.59
2021-06-16,2544.864746,2554.628906,2354.350586,2367.663574,24101926180,9.5,4223.7
2021-06-17,2367.306396,2457.175537,2312.301514,2372.001953,21871633186,9.5,4221.86
2021-06-18,2374.586914,2377.195068,2147.30835,2231.733154,22752818388,9.5,4166.45
2021-06-21,2245.317871,2259.464111,1867.185425,1888.44751,33745173825,9.5,4224.79
2021-06-22,1886.667603,1993.15979,1707.600586,1874.950073,35547251725,9.5,4246.44
2021-06-23,1878.625,2043.530396,1827.571533,1989.736328,28408659206,9.5,4241.84
2021-06-24,1968.957397,2032.339355,1887.432007,1988.456299,20272845769,9.5,4266.49
2021-06-25,1989.21582,2017.759521,1794.400391,1813.217285,22774334998,9.5,4280.7
2021-06-28,1981.386475,2139.80542,1963.615479,2079.657471,25514602841,9.5,4290.61
2021-06-29,2083.44873,2242.23877,2076.240234,2160.768311,24815124419,9.5,4291.8
2021-06-30,2164.216309,2282.989014,2090.760742,2274.547607,25828056268,9.5,4297.5
2021-07-01,2274.397461,2274.397461,2081.081055,2113.605469,29061701793,10.5,4319.94
2021-07-02,2109.892578,2155.596436,2021.824829,2150.040283,31796212554,10.5,4352.34
2021-07-06,2197.919434,2346.294922,2197.919434,2324.679443,20891861314,10.5,4343.54
2021-07-07,2323.208496,2403.773438,2298.026855,2315.161865,22398345285,10.5,4358.13
2021-07-08,2317.949219,2324.006836,2089.414307,2120.026367,23188123689,10.5,4320.82
2021-07-09,2115.573975,2185.376221,2051.06665,2146.692383,23029574602,10.5,4369.55
2021-07-12,2140.506836,2167.710205,2011.018921,2036.721069,17768129077,10.5,4384.63
2021-07-13,2034.098389,2040.693604,1922.577881,1940.083984,16621628658,10.5,4369.21
2021-07-14,1941.167847,2015.107422,1869.223145,1994.331299,17342819679,10.5,4374.3
2021-07-15,1994.712036,2037.742554,1883.272217,1911.175659,15688092552,10.5,4360.03
2021-07-16,1916.598389,1959.696289,1853.590332,1880.382935,14884569147,10.5,4327.16
2021-07-19,1893.053589,1916.118042,1807.909912,1817.296631,14157735481,10.5,4258.49
2021-07-20,1819.082031,1836.998047,1722.050781,1787.510742,17368597636,10.5,4323.06
2021-07-21,1786.276245,2025.68042,1759.023315,1990.970825,21253359756,10.5,4358.69
2021-07-22,1994.822876,2044.116455,1954.297852,2025.202759,17495480331,10.5,4367.48
2021-07-23,2025.105713,2129.441162,2000.436279,2124.776611,16200392492,10.5,4411.79
2021-07-26,2191.309814,2428.817139,2177.32959,2233.366699,29614324233,10.5,4422.3
2021-07-27,2230.197021,2316.950195,2154.731201,2298.333496,23067480378,10.5,4401.46
2021-07-28,2302.081299,2341.777832,2250.914063,2296.54541,18991302378,10.5,4400.64
2021-07-29,2299.011963,2396.451904,2273.404785,2380.956787,16313373113,10.5,4419.15
2021-07-30,2382.545166,2469.704834,2322.337158,2466.961426,20212848934,10.5,4395.26
2021-08-02,2557.774658,2665.730957,2511.375244,2610.15332,22162754104,9.8,4387.16
2021-08-03,2609.413086,2630.314209,2449.353516,2502.349609,22696753413,9.8,4423.15
2021-08-04,2508.544922,2764.443604,2463.469482,2724.619873,25038698173,9.8,4402.66
2021-08-05,2725.669678,2840.430664,2540.684082,2827.328857,31057928075,9.8,4429.1
2021-08-06,2827.503418,2944.90332,2727.792725,2890.94165,26528577879,9.8,4436.52
2021-08-09,3012.885742,3185.701172,2900.926025,3167.856201,31983260936,9.8,4432.35
2021-08-10,3163.050049,3228.940674,3059.229004,3141.691162,27605221710,9.8,4436.75
2021-08-11,3142.830322,3269.209473,3122.916504,3164.245117,26729035052,9.8,4447.7
2021-08-12,3164.175781,3236.314697,2984.166992,3043.414307,25403699845,9.8,4460.83
2021-08-13,3049.001221,3324.671631,3037.676025,3322.21167,23868866254,9.8,4468.0
2021-08-16,3309.422119,3333.994873,3139.778564,3156.509521,23080039949,9.8,4479.71
2021-08-17,3149.380371,3288.812744,2996.468262,3014.845947,25509056745,9.8,4448.08
2021-08-18,3011.963623,3124.976074,2959.02832,3020.089844,21539248425,9.8,4400.27
2021-08-19,3019.126953,3184.435547,2963.150146,3182.702148,19546290360,9.8,4405.8
2021-08-20,3182.162598,3298.246582,3178.10376,3286.935303,20885619828,9.8,4441.67
2021-08-23,3241.357422,3373.384277,3235.851318,3319.257324,20511110509,9.8,4479.53
2021-08-24,3324.855469,3358.688232,3154.121338,3172.456299,20131028906,9.8,4486.23
2021-08-25,3174.269775,3248.727295,3086.11499,3224.915283,18902728235,9.8,4496.19
2021-08-26,3228.747314,3249.655273,3060.22876,3100.325439,17405668117,9.8,4470.0
2021-08-27,3096.406006,3281.840576,3064.485107,3270.60083,18489602004,9.8,4509.37
2021-08-30,3227.192627,3346.581055,3151.44458,3224.374268,19306924485,9.8,4528.79
2021-08-31,3227.758057,3466.992188,3195.216553,3433.732666,27280502987,9.8,4522.68
2021-09-01,3430.762451,3836.867432,3387.408447,3834.828125,30070890104,8.1,4524.09
2021-09-02,3825.027832,3830.711426,3726.750488,3790.98999,24387397330,8.1,4536.95
2021-09-03,3787.486572,4022.469238,3712.678223,3940.614746,26207765094,8.1,4535.43
2021-09-07,3926.527588,3945.314209,3062.222412,3426.394287,39131346397,8.1,4520.03
2021-09-08,3428.378174,3559.121338,3224.764893,3497.315186,31738430771,8.1,4514.07
2021-09-09,3452.54834,3562.992676,3400.51709,3427.340088,24118055831,8.1,4493.28
2021-09-10,3425.564941,3512.571289,3157.059082,3211.505859,22355974097,8.1,4458.58
2021-09-13,3407.471924,3426.502197,3121.51416,3285.511719,22721552948,8.1,4468.73
2021-09-14,3286.316406,3429.169678,3273.630859,3429.169678,19125420848,8.1,4443.05
2021-09-15,3431.217285,3615.282715,3365.913086,3615.282715,17548551804,8.1,4480.7
2021-09-16,3613.07373,3673.310791,3489.805664,3571.294922,20093903064,8.1,4473.75
2021-09-17,3569.568115,3589.305176,3356.449951,3398.538818,17722363229,8.1,4432.99
2021-09-20,3329.670654,3343.325439,2940.839111,2958.993408,27371684581,8.1,4357.73
2021-09-21,2977.310547,3101.69751,2676.407471,2764.431152,30405062665,8.1,4354.19
2021-09-22,2763.209229,3089.083008,2741.440674,3077.86792,23742102645,8.1,4395.64
2021-09-23,3077.974365,3173.544678,3038.0979,3155.523682,18516291047,8.1,4448.98
2021-09-24,3154.562012,3159.644043,2747.337646,2931.669189,25595422789,8.1,4455.48
2021-09-27,3065.837891,3163.665039,2932.692871,2934.138916,19164053681,8.1,4443.11
2021-09-28,2928.963379,2970.770508,2793.360596,2807.296631,16895079070,8.1,4352.63
2021-09-29,2809.297607,2946.881348,2786.988281,2853.143311,15763456158,8.1,4359.46
2021-09-30,2852.558838,3046.519531,2840.289551,3001.678955,17661065099,8.1,4307.54
2021-10-01,3001.129395,3329.853516,2978.654297,3307.516113,22307625573,7.5,4357.04
2021-10-04,3418.776367,3434.775391,3283.44873,3380.089111,17747154101,7.5,4300.46
2021-10-05,3381.784424,3541.45166,3365.817627,3518.518555,16632591670,7.5,4345.72
2021-10-06,3516.570313,3622.55127,3354.469727,3580.562012,21855226591,7.5,4363.55
2021-10-07,3576.814453,3650.013184,3479.90918,3587.974854,19090322927,7.5,4399.76
2021-10-08,3587.832764,3667.95752,3547.828125,3563.759277,16222029488,7.5,4391.34
2021-10-11,3419.726807,3622.289551,3385.761719,3545.354004,18579189588,7.5,4361.19
2021-10-12,3546.477783,3546.477783,3407.338135,3492.573242,18109578443,7.5,4350.65
2021-10-13,3492.753662,3607.741699,3417.602051,3606.20166,16211275589,7.5,4363.8
2021-10-14,3604.958984,3819.258545,3590.275146,3786.01416,19443499909,7.5,4438.26
2021-10-15,3790.154297,3895.466309,3735.363525,3862.634766,20966841512,7.5,4471.37
2021-10-18,3847.72998,3888.209229,3686.750488,3748.760254,17386204158,7.5,4486.46
2021-10-19,3747.162842,3883.928711,3736.780273,3877.650879,15998757133,7.5,4519.63
2021-10-20,3877.730957,4167.472168,3833.288086,4155.992188,20338319988,7.5,4536.19
2021-10-21,4161.713379,4366.088379,4032.483887,4054.322754,28220661820,7.5,4549.78
2021-10-22,4055.686523,4162.975586,3908.340332,3970.181885,19432937968,7.5,4544.9
2021-10-25,4084.425781,4236.666992,4072.034668,4217.876953,15995727040,7.5,4566.48
2021-10-26,4217.337891,4289.131348,4106.82373,4131.102051,17157714562,7.5,4574.79
2021-10-27,4132.17334,4299.152832,3930.257324,3930.257324,26219530404,7.5,4551.68
2021-10-28,3924.81543,4293.150879,3905.706055,4287.318848,25958154575,7.5,4596.42
2021-10-29,4288.686523,4455.735352,4271.70752,4414.746582,22967641914,7.5,4605.38
2021-11-01,4288.217285,4377.322266,4160.966797,4324.626953,17985288261,7.6,4613.67
2021-11-02,4322.500977,4599.948242,4288.686523,4584.798828,20794448222,7.6,4630.65
2021-11-03,4589.68457,4664.910156,4462.976074,4607.193848,21220463155,7.6,4660.57
2021-11-04,4604.678711,4606.516113,4426.622559,4537.324219,18415244464,7.6,4680.06
2021-11-05,4537.42334,4570.895996,4447.487305,4486.243164,15086003586,7.6,4697.53
2021-11-08,4619.649414,4822.363281,4619.649414,4812.087402,19290896267,7.6,4701.7
2021-11-09,4810.071289,4837.589355,4718.039063,4735.068848,20834172627,7.6,4685.25
2021-11-10,4733.362793,4859.50293,4485.093262,4636.174316,22748160545,7.6,4646.71
2021-11-11,4635.453613,4778.059082,4580.990234,4730.384277,17933201129,7.6,4649.27
2021-11-12,4724.306641,4808.73877,4510.92041,4667.115234,18316060208,7.6,4682.85
2021-11-15,4627.09082,4764.63623,4546.599121,4557.503906,16275851299,7.6,4682.8
2021-11-16,4570.478027,4891.70459,4144.334961,4216.365234,27417502801,7.6,4700.9
2021-11-17,4213.910645,4300.306641,4107.125977,4287.59375,22183461850,7.6,4688.67
2021-11-18,4287.802246,4343.557129,3959.227783,4000.650879,21383250893,7.6,4704.54
2021-11-19,3995.729492,4311.713867,3982.91748,4298.306641,20626269711,7.6,4697.96
2021-11-22,4266.509277,4302.022949,4033.572266,4088.457764,19752218877,7.6,4682.94
2021-11-23,4089.68042,4385.483398,4069.766602,4340.763672,22133497059,7.6,4690.7
2021-11-24,4340.036133,4376.875977,4176.183594,4239.981445,21838037128,7.6,4701.46
2021-11-26,4522.208984,4550.842285,3933.506592,4030.908936,26281795488,7.6,4594.62
2021-11-29,4296.946777,4460.848633,4284.504883,4445.10498,19086475837,7.6,4655.27
2021-11-30,4447.768066,4753.266113,4358.074219,4631.479004,28626354111,7.6,4567.0
2021-12-01,4623.679688,4780.732422,4530.272461,4586.990234,27634826695,8.7,4513.04
2021-12-02,4586.333008,4628.919922,4441.507813,4511.302246,21502671027,8.7,4577.1
2021-12-03,4514.355957,4647.289063,4100.145508,4220.706055,25879591528,8.7,4538.43
2021-12-06,4199.0,4375.520508,3930.806641,4358.737305,28229518513,8.7,4591.67
2021-12-07,4358.586914,4428.589355,4264.32373,4315.061523,22366213354,8.7,4686.75
2021-12-08,4311.674316,4453.112305,4234.537598,4439.35791,18704315119,8.7,4701.21
2021-12-09,4433.024902,4482.313965,4078.844238,4119.815918,22296131874,8.7,4667.45
2021-12-10,4113.588379,4227.111816,3897.767578,3908.496094,28014595631,8.7,4712.02
2021-12-13,4136.359863,4145.955078,3680.609131,3784.226807,23999841386,8.7,4668.97
2021-12-14,3782.822754,3866.633789,3700.104736,3745.44043,23836759957,8.7,4634.09
2021-12-15,3862.251465,4086.372803,3664.719971,4018.388672,26411188833,8.7,4709.85
2021-12-16,4020.415039,4110.368652,3956.057129,3962.469727,19825531254,8.7,4668.67
2021-12-17,3959.012451,3992.79248,3711.424561,3879.486572,23143541098,8.7,4620.64
2021-12-20,3923.695801,3980.098633,3759.40332,3933.844482,21589690675,8.7,4568.02
2021-12-21,3938.463867,4058.821289,3918.837891,4020.26001,16388555198,8.7,4649.23
2021-12-22,4018.695801,4073.791504,3947.690186,3982.099609,13921756199,8.7,4696.56
2021-12-23,3981.96167,4149.026855,3897.234375,4108.015625,18007273742,8.7,4725.79
2021-12-27,4064.746338,4126.001465,4033.492432,4037.547607,11424360002,8.7,4791.19
2021-12-28,4037.538086,4037.538086,3769.280029,3800.893066,17299472803,8.7,4786.35
2021-12-29,3797.436279,3827.981934,3612.795898,3628.531738,15722555672,8.7,4793.06
2021-12-30,3632.219727,3767.559814,3595.204834,3713.852051,12925377999,8.7,4778.73
2021-12-31,3713.430176,3807.288818,3636.869873,3682.632813,14157285268,8.7,4766.18
2022-01-03,3829.535645,3836.19873,3698.047607,3761.380371,12080777893,6.0,4796.56
2022-01-04,3761.361572,3876.785156,3723.349854,3794.056641,14030925983,6.0,4793.54
2022-01-05,3794.269043,3842.059814,3456.745361,3550.386963,18061338502,6.0,4700.58
2022-01-06,3549.708984,3549.708984,3335.376709,3418.408203,24293791313,6.0,4696.05
2022-01-07,3417.837891,3420.461914,3117.381348,3193.210449,24494179209,6.0,4677.03
2022-01-10,3157.570557,3177.213379,2947.683594,3083.0979,19535744145,6.0,4670.29
2022-01-11,3082.990967,3247.511963,3061.140625,3238.111572,15211447193,6.0,4713.07
2022-01-12,3238.449951,3401.219971,3216.718018,3372.258301,16662871689,6.0,4726.35
2022-01-13,3372.10498,3396.969727,3247.91748,3248.288574,15294466275,6.0,4659.03
2022-01-14,3248.648682,3330.766113,3203.82373,3310.001465,13562957230,6.0,4662.85
2022-01-18,3212.287598,3236.016113,3096.123535,3164.025146,13024154091,6.0,4577.11
2022-01-19,3163.850342,3171.158447,3055.212402,3095.825928,13187424144,6.0,4532.76
2022-01-20,3095.271729,3265.336914,3000.908203,3001.120117,10645922764,6.0,4482.73
2022-01-21,3002.956787,3029.081055,2496.812988,2557.931641,26796291874,6.0,4397.94
2022-01-24,2535.891113,2537.208496,2172.30127,2440.352295,28220804648,6.0,4410.13
2022-01-25,2440.393555,2498.50708,2359.384766,2455.935059,16179776932,6.0,4356.45
2022-01-26,2455.579102,2705.78418,2417.683105,2468.030273,21229909340,6.0,4349.93
2022-01-27,2467.188477,2510.45166,2328.452148,2423.001221,16126522783,6.0,4326.51
2022-01-28,2421.646973,2548.778564,2367.83374,2547.092041,14666227351,6.0,4431.85
2022-01-31,2603.263428,2697.735352,2489.072266,2688.278809,13778234614,6.0,4515.55
2022-02-01,2687.898926,2802.31543,2682.621826,2792.117188,13194846235,5.9,4546.54
2022-02-02,2791.958984,2802.212158,2630.120361,2682.854004,13876301217,5.9,4589.38
2022-02-03,2682.226074,2712.482666,2587.783447,2679.162598,12755505065,5.9,4477.44
2022-02-04,2681.057617,2983.586914,2675.443848,2983.586914,18987223729,5.9,4500.53
2022-02-07,3057.422119,3182.52832,3002.927002,3142.470703,15197063785,5.9,4483.87
2022-02-08,3143.008545,3219.472656,3038.37793,3122.608643,17136080906,5.9,4521.54
2022-02-09,3121.182617,3263.155762,3063.160156,3239.457031,13951308490,5.9,4587.18
2022-02-10,3240.113037,3271.316162,3070.378174,3077.482178,18629485080,5.9,4504.08
2022-02-11,3077.413086,3127.450684,2888.707764,2927.383545,16043881065,5.9,4418.64
2022-02-14,2880.187744,2957.963623,2840.257568,2933.479004,12164552172,5.9,4401.67
2022-02-15,2933.729004,3185.520752,2917.857178,3179.877197,13921257873,5.9,4471.07
2022-02-16,3180.446777,3181.616943,3055.168213,3127.830078,12352406833,5.9,4475.01
2022-02-17,3126.858398,3154.615234,2861.852051,2881.481934,15860206214,5.9,4380.26
2022-02-18,2884.340576,2937.308594,2761.643311,2785.727539,15748173433,5.9,4348.87
2022-02-22,2572.898682,2648.916748,2510.678711,2639.299316,16360200507,5.9,4304.76
2022-02-23,2639.447021,2741.368408,2587.412842,2590.359619,13382637240,5.9,4225.5
2022-02-24,2588.16626,2689.047607,2308.914795,2598.067139,29312342666,5.9,4288.7
2022-02-25,2598.436279,2821.972412,2579.208008,2764.535645,17208902048,5.9,4384.65
2022-02-28,2621.172119,2929.18042,2586.388184,2919.201172,19266124733,5.9,4373.94
2022-03-01,2919.775879,3029.651611,2868.938965,2972.485107,18757425786,5.0,4306.26
2022-03-02,2972.471924,3026.868164,2919.943115,2950.118408,16636517503,5.0,4386.54
2022-03-03,2950.156738,2964.67334,2797.319336,2834.468994,13091199728,5.0,4363.49
2022-03-04,2834.987305,2835.17627,2587.748291,2617.156006,14496939024,5.0,4328.87
2022-03-07,2555.297607,2639.943115,2455.59375,2497.77124,14594098731,5.0,4201.09
2022-03-08,2497.721436,2618.166016,2489.755127,2576.747559,13922922903,5.0,4170.7
2022-03-09,2577.165283,2761.796387,2573.655273,2729.783447,14173665398,5.0,4277.88
2022-03-10,2729.116455,2729.116455,2566.193115,2608.048584,13292477213,5.0,4259.52
2022-03-11,2608.27124,2664.558594,2534.688232,2559.562988,12382419582,5.0,4204.31
2022-03-14,2518.486328,2604.034424,2505.299316,2590.696045,11244398839,5.0,4173.11
2022-03-15,2590.668945,2662.32959,2515.765869,2620.149658,12861105614,5.0,4262.45
2022-03-16,2620.028564,2781.307129,2610.764404,2772.055664,17915109769,5.0,4357.86
2022-03-17,2771.964111,2826.160645,2751.560791,2814.854492,12685265194,5.0,4411.67
2022-03-18,2814.43457,2973.616211,2774.855713,2945.343018,15830879093,5.0,4463.12
2022-03-21,2860.103271,2954.556641,2838.250488,2897.976563,15206116098,5.0,4461.18
2022-03-22,2897.77417,3040.382813,2892.544434,2973.131104,16830539230,5.0,4511.61
2022-03-23,2973.14502,3036.752197,2933.306641,3031.067139,16008767658,5.0,4456.24
2022-03-24,3031.060791,3118.387695,3012.32666,3108.062012,18070503166,5.0,4520.16
2022-03-25,3109.523438,3182.82666,3097.624268,3122.535889,16882068480,5.0,4543.06
